品名,出し方,備考
アイスピック,家庭ごみ,新聞紙などに包んで
アイロン,家庭ごみ,金属製のものは小物金属　回収ボックスへ  電子式で小型（概ね25センチ×8.5センチ以内）のものは小型電子機器　回収ボックスへ
アイロン台,粗大ごみ,事前申し込み制
アコーディオン,粗大ごみ,事前申し込み制
アコーディオンカーテン,粗大ごみ,事前申し込み制
アダプター（電源用）,小型電子機器,小型電子機器　回収ボックスへ
圧力鍋,小物金属,小物金属　回収ボックスへ
油（食用油）,家庭ごみ,布や紙にしみこませるか固形化して  できるだけペットボトルに入れてスーパーなどの食用油　回収ボックスへ
油（機械用）,市が収集しないもの,（注）専門の処理業者に依頼
油こし器（金属製）,家庭ごみ,
油差し,家庭ごみ,プラスチックだけでできており、1辺の長さが50センチ未満のもので指定袋に入る大きさのものは、プラスチック
油びん,かん・びん,油をよく落として
油よけ（アルミ製）,家庭ごみ,
雨具（カッパ）,家庭ごみ,プラスチックだけでできており、1辺の長さが50センチ未満のもので指定袋に入る大きさのものは、プラスチック
雨戸,粗大ごみ,事前申し込み制
編み機,粗大ごみ,事前申し込み制
網（バーベキュー用）,小物金属,小物金属　回収ボックスへ
網（昆虫採集用など）,家庭ごみ,
網戸,粗大ごみ,事前申し込み制
編み針,家庭ごみ,金属製のものは小物金属回収ボックスへ  プラスチックだけでできており、1辺の長さが50センチ未満のもので指定袋に入る大きさのものは、プラスチック
アルバム,家庭ごみ,
アルミかん（飲食物用）,かん・びん,
アルミはく（台所用）,家庭ごみ,
アルミトレイ,小物金属,よく洗って　小物金属　回収ボックスへ
泡だて器,小物金属,小物金属　回収ボックスへ
あんか,家庭ごみ,
安全ピン,小物金属,透明のビニール袋に入れて　小物金属　回収ボックスへ
アンテナ（テレビ用）,粗大ごみ,事前申し込み制
アンテナ（テレビ用以外のもの）,家庭ごみ,指定袋に入らない大きさのものは粗大ごみ
アンプ,粗大ごみ,事前申し込み制
衣装ケース,粗大ごみ,事前申し込み制 プラスチックだけでできており、1辺の長さが50センチ未満のもので指定袋に入る大きさのものは、プラスチック
いす,粗大ごみ,事前申し込み制
板ガラス,家庭ごみ,新聞紙などに包んで  指定袋に入らない大きさのものは粗大ごみ
板（金属製）,小物金属,小物金属　回収ボックスへ  30センチを超えるものは粗大ごみ
板（金属製以外）,家庭ごみ,指定袋に入らない大きさのものは粗大ごみ
一輪車,粗大ごみ,事前申し込み制
一升びん,かん・びん,できるだけ販売店へ
一斗缶,家庭ごみ,中身を使い切って
井戸ポンプ（家庭用）,粗大ごみ,事前申し込み制
犬小屋,粗大ごみ,事前申し込み制
イヤホン,小型電子機器,小型電子機器　回収ボックスへ
衣類,古着,古着　回収ボックスへ
衣類乾燥機（ドラム式）,市が収集しないもの,（注）販売店などに引き取りを依頼
入れ歯,家庭ごみ,
インクカートリッジ,家庭ごみ,できるだけ販売店へ（市役所・区役所にも回収箱があります）
インスタントめんの袋,プラスチック,
ウインドウファン（送風機）,粗大ごみ,事前申し込み制
植木棚,粗大ごみ,事前申し込み制
植木の枝,家庭ごみ,（参考）「緑のリサイクル」
植木ばさみ,小物金属,小物金属　回収ボックス
植木鉢,家庭ごみ,プラスチックだけでできており、1辺の長さが50センチ未満のもので指定袋に入る大きさのものは、プラスチック
ウォーターサーバー用ボトル（販売店等の引取がない場合）,右記の通り,プラマークがついてるものはプラスチック  PETマークがついてるものはペットボトル
うちわ,家庭ごみ,
腕時計,小型電子機器,小型電子機器　回収ボックス　へ
乳母車（ベビーカー）,粗大ごみ,事前申し込み制
梅酒のびん,かん・びん,
エアークッション（梱包材）,プラスチック,
エアコン,市が収集しないもの,（注）販売店などに引き取りを依頼
映写機,粗大ごみ,事前申し込み制
絵の具のチューブ（金属製）,小物金属,中身を使い切って　小物金属　回収ボックス　へ
絵の具のチューブ（プラ製）,プラスチック,中身を使い切って
MD,家庭ごみ,
MDレコーダー,粗大ごみ,事前申し込み制 小型（概ね25センチ×8.5センチ以内）のものは、小型電子機器　回収ボックス　へ
LED蛍光灯,家庭ごみ,
LD,家庭ごみ,
LDプレーヤー,粗大ごみ,事前申し込み制
LPガスボンベ,市が収集しないもの,（注）販売店に相談　（参考）「市が収集しないもの」
LPレコード,家庭ごみ,
エレキギター,粗大ごみ,事前申し込み制
鉛筆削り,家庭ごみ,
オイル類（食用のものを除く）,市が収集しないもの,（注）専門の処理業者に依頼
オイル缶（中身のないもの）,家庭ごみ,指定袋に入らない大きさのものは粗大ごみ
オイルヒーター,市が収集しないもの,（注）専門の処理業者に依頼
応接セット,粗大ごみ,事前申し込み制
オーディオラック,粗大ごみ,事前申し込み制
オートバイ,市が収集しないもの,・購入店に相談  ・「二輪車リサイクルシステム」（バイクメーカーの取り組み）  ・二輪車リサイクルコールセンター：050-3000-0727に相談（注）自転車やバイク部品のみは対象外
オーブン,粗大ごみ,事前申し込み制
オーブンレンジ,粗大ごみ,事前申し込み制
オーブントースター,粗大ごみ,事前申し込み制
桶（おけ）,家庭ごみ,プラスチックだけでできており、1辺の長さが50センチ未満のもので指定袋に入る大きさのものは、プラスチック
おたま,小物金属,小物金属　回収ボックス　へ、金属製以外のものは、家庭ごみ  プラスチックだけでできており、1辺の長さが50センチ未満のもので指定袋に入る大きさのものは、プラスチック
おはじき,家庭ごみ,プラスチックだけでできており、1辺の長さが50センチ未満のもので指定袋に入る大きさのものは、プラスチック
おひつ,家庭ごみ,プラスチックだけでできており、1辺の長さが50センチ未満のもので指定袋に入る大きさのものは、プラスチック
汚物入れ,家庭ごみ,プラスチックだけでできており、1辺の長さが50センチ未満のもので指定袋に入る大きさのものは、プラスチック
おぼん,家庭ごみ,金属製のものは、小物金属  プラスチックだけでできており、1辺の長さが50センチ未満のもので指定袋に入る大きさのものは、プラスチック
おまる,家庭ごみ,指定袋に入らない大きさのものは、粗大ごみ  プラスチックだけでできており、1辺の長さが50センチ未満のもので指定袋に入る大きさのものは、プラスチック
おむつ,家庭ごみ,汚物を取り除いて
おもちゃ類,家庭ごみ,指定袋に入らない大きさのものは、粗大ごみ  プラスチックだけでできており、1辺の長さが50センチ未満のもので指定袋に入る大きさのものは、プラスチック
折込みチラシ（新聞）,古紙,
オルガン,粗大ごみ,事前申し込み制
オルゴール,家庭ごみ,
おろしがね（おろし器）,小物金属,小物金属　回収ボックス　へ、金属製以外のものは、家庭ごみ
おわん,家庭ごみ,プラスチックだけでできており、1辺の長さが50センチ未満のもので指定袋に入る大きさのものは、プラスチック
温水洗浄機能付便座,粗大ごみ,事前申し込み制
温度計（水銀温度計を除く）,家庭ごみ,小型（概ね25センチ×8.5センチ以内）のものは小型電子機器回収ボックスへ  水銀温度計は区役所・出張所の水銀体温計などの回収ボックスへ
温風ヒーター,粗大ごみ,事前申し込み制
カーオーディオ,粗大ごみ,事前申込制  小型（概ね25センチ×8.5センチ以内）のものは小型電子機器　回収ボックスへ
カーテンレール,粗大ごみ,事前申込制
カーナビ,粗大ごみ,事前申込制  小型（概ね25センチ×8.5センチ以内）のものは小型電子機器　回収ボックス
カーペット,粗大ごみ,事前申込制
カーペットローラー,家庭ごみ,
カーボン紙,家庭ごみ,
懐中電灯,家庭ごみ,小型（概ね25センチ×8.5センチ以内）のものは小型電子機器　回収ボックスへ
回転ハンバー,粗大ごみ,事前申込制
買物カート（ショッピングカー、シルバーカー）,粗大ごみ,事前申込制
買物かご,家庭ごみ,プラスチックだけでできており、1辺の長さが50センチ未満のもので指定袋に入る大きさのものは、プラスチック
カイロ（使い捨て）,家庭ごみ,
鏡,家庭ごみ,指定袋に入らない大きさのものは粗大ごみ
鍵,小物金属,小物金属回収ボックスへ
かき氷機,家庭ごみ,
額縁,家庭ごみ,指定袋に入らない大きさのものは粗大ごみ
かご,家庭ごみ,指定袋に入らない大きさのものは粗大ごみ  プラスチックだけでできており、1辺の長さが50センチ未満のもので指定袋に入る大きさのものは、プラスチック
傘,家庭ごみ,折りたたみ傘は小物金属 回収ボックスへ
傘立て,家庭ごみ,指定袋に入らない大きさのものは粗大ごみ  プラスチックだけでできており、1辺の長さが50センチ未満のもので指定袋に入る大きさのものは、プラスチック
加湿器,粗大ごみ,事前申込制
菓子箱の中仕切り（プラ製）,プラスチック,
菓子箱（紙製）,古紙,古紙回収ボックスへ
菓子のかん,かん・びん,
菓子袋（プラ製）,プラスチック,
ガスオーブン,粗大ごみ,事前申込制
ガスストーブ,粗大ごみ,事前申込制
ガス台（ガステーブル・ガスレンジ）,粗大ごみ,事前申込制
ガスレンジ,粗大ごみ,事前申込制
ガスレンジマット（アルミはく製）,家庭ごみ,
ガスボンベ（カセットボンベ以外）,市が収集しないもの,（注）販売店に相談　（参考）「市が収集しないもの」
カセットコンロ（卓上コンロ）,小物金属,小物金属回収ボックスへ  カセットボンベは中身を使い切ってから穴をあけずに家庭ごみへ  中身の残っているものは「市が収集しないもの」参照）
カセットボンベ,家庭ごみ,必ず中身を使い切ってから穴をあけずに  （中身の残っているものは本ホームページ「市が収集しないもの」参照）
カセットテープ（ケースを含む）,家庭ごみ,
カセット式テープレコーダー,粗大ごみ,事前申込制  小型（概ね25センチ×8.5センチ以内）のものは小型電子機器　回収ボックスへ
カセットデッキ,粗大ごみ,事前申込制  小型（概ね25センチ×8.5センチ以内）のものは小型電子機器　回収ボックスへ
ガソリン,市が収集しないもの,（注）専門の処理業者に依頼
カタログ（パンフレット）,古紙,古紙回収ボックスへ
カッター（刃を含む）,家庭ごみ,新聞紙などに包んで
カッパ（雨具）,家庭ごみ,
カップめんなどのスープやかやくの袋,プラスチック,
カップめんなどのふた（紙製）,家庭ごみ,
カップめんなどのふた（プラ製）,プラスチック,
カップめんなどの容器・フィルム,プラスチック,紙製の容器は家庭ごみ
金づち（とんかち）,小物金属,小物金属　回収ボックスへ
加熱式たばこ,電池類,電池類　回収ボックスへ
かばん,家庭ごみ,
画板,家庭ごみ,指定袋に入らない大きさのものは粗大ごみ
画びょう,小物金属,小物金属　回収ボックスへ  透明のビニール袋に入れて
花びん,家庭ごみ,新聞紙などに包んで  プラスチックだけでできており、1辺の長さが50センチ未満のもので指定袋に入る大きさのものは、プラスチック
釜,小物金属,小物金属　回収ボックスへ
鎌,家庭ごみ,新聞紙などに包んで
紙おむつ,家庭ごみ,汚物を取り除いて
紙コップ,家庭ごみ,
紙皿,家庭ごみ,
かみそり,家庭ごみ,新聞紙などに包んで
紙パック（飲料用）,紙パック,紙パック　回収ボックス　へ  内側がアルミのものは、家庭ごみ
紙袋,古紙,紙は、古紙　回収ボックスへ  紙以外のものは除いて、家庭ごみへ
紙やすり,家庭ごみ,
カメラ,家庭ごみ,デジタルカメラや小型のもの（概ね25センチ×8.5センチ以内）のものは小型電子機器　回収ボックスへ
カメラのケース,家庭ごみ,プラスチックだけでできており、1辺の長さが50センチ未満のもので指定袋に入る大きさのものは、プラスチック
カメラのレンズ,家庭ごみ,プラスチックだけでできており、1辺の長さが50センチ未満のもので指定袋に入る大きさのものは、プラスチック
カラーボックス,粗大ごみ,事前申込制
カラオケセット,粗大ごみ,事前申込制
からしのチューブ（ふたを含む）,プラスチック,中身を使い切って
ガラス,家庭ごみ,新聞紙などに包んで  指定袋に入らない大きさのものは粗大ごみ
ガラス製品（コップ、皿など）,家庭ごみ,新聞紙などに包んで
カレンダー（紙製）,古紙,古紙　回収ボックスへ  金具は外して
革製品,家庭ごみ,
皮むき器,家庭ごみ,金属製のものは小物金属　回収ボックスへ プラスチックだけでできており、1辺の長さが50センチ未満のもので指定袋に入る大きさのものは、プラスチック
瓦,粗大ごみ,事前申込制
かん（飲料・食料用）,かん・びん,
かん（飲料・食料用以外）,家庭ごみ,
かん（食用油かん）,かん・びん,油をよく落として
かん（ペットフードかん）,かん・びん,油と汚れをよく落として
かん（一斗缶）,家庭ごみ,中身を使い切って
かんのふた（金属製）,小物金属,小物金属　回収ボックスへ
換気扇,家庭ごみ,指定袋に入らない大きさのものは粗大ごみ  プラスチックだけでできており、1辺の長さが50センチ未満のもので指定袋に入る大きさのものは、プラスチック
缶切り,小物金属,小物金属　回収ボックスへ
緩衝材（プラ製）,プラスチック,
乾燥機（食器用、布団用）,粗大ごみ,事前申込制  衣類乾燥機（ドラム式）は販売店などに引き取りを依頼
乾燥剤,家庭ごみ,
乾電池（充電式でないもの）,電池類,電気類　回収ボックスへ  必ず、絶縁ビニールテープ等で電極部分を絶縁して、家庭ごみにも出せる。  充電式・ボタン型電池は、別記
感熱紙,家庭ごみ,
キーボード（楽器）,粗大ごみ,事前申込制 （注）ピアノは専門の処理業者に相談
キーホルダー,家庭ごみ,金属製のものは小物金属　回収ボックス　へ  プラスチックだけでできており、1辺の長さが50センチ未満のもので指定袋に入る大きさのものは、プラスチック
ギター,粗大ごみ,事前申込制
キッチンストッカー,粗大ごみ,事前申込制
キッチンバサミ,小物金属,小物金属　回収ボックス　へ
木の枝・幹,家庭ごみ,（参考）「緑のリサイクル」
着物,家庭ごみ,
脚立,粗大ごみ,事前申込制
キャップ・ふた（金属製）,小物金属,小物金属　回収ボックス　へ
キャップ・ふた（プラ製）,プラスチック,
キャリア（車の上に取り付けるもの）,粗大ごみ,事前申込制
急須,家庭ごみ,金属製のものは小物金属回収ボックスへ
給湯器,粗大ごみ,事前申込制
牛乳パック,紙パック,紙パック　回収ボックス　へ
給油ポンプ,家庭ごみ,
鏡台,粗大ごみ,事前申込制
銀紙,家庭ごみ,
金魚ばち,家庭ごみ,新聞紙などに包んで  プラスチックだけでできており、1辺の長さが50センチ未満のもので指定袋に入る大きさのものは、プラスチック
金庫,市が収集しないもの,（注）専門の処理業者に依頼
金庫（手さげ金庫）,粗大ごみ,事前申込制
空気入れ,家庭ごみ,プラスチックだけでできており、1辺の長さが50センチ未満のもので指定袋に入る大きさのものは、プラスチック
空気清浄器,粗大ごみ,事前申込制
クーラーボックス,粗大ごみ,事前申込制
くぎ,小物金属,透明のビニール袋に入れて　小物金属　回収ボックス　へ
草,家庭ごみ,
草刈り機,粗大ごみ,事前申込制
くさり,小物金属,小物金属　回収ボックス　へ
櫛（くし）,家庭ごみ,プラスチックだけでできており、1辺の長さが50センチ未満のもので指定袋に入る大きさのものは、プラスチック
串,家庭ごみ,金属製のものは小物金属　回収ボックス　へ
薬（家庭用医薬品）,家庭ごみ,
薬（錠剤・カプセル）の包装シート,プラスチック,
薬の容器・小袋（プラ製）,プラスチック,
薬（のみ薬）のびん,かん・びん,
果物などのネット,プラスチック,
靴（くつ）,家庭ごみ,
クリーニングのビニール袋,プラスチック,
クリップ,小物金属,透明のビニール袋に入れて　小物金属　回収ボックス　へ
クリアファイル,プラスチック,
車いす（電動式を除く）,粗大ごみ,事前申込制
車いす（電動式）,市が収集しないもの,（注）販売店に相談
グロー球,家庭ごみ,
グローブ（野球用など）,家庭ごみ,
鍬（くわ）,粗大ごみ,事前申込制 小型のものは家庭ごみ
くん煙剤,家庭ごみ,未使用の場合  水を入れるものは水がかからないように包んで  火をつけるものは水に浸して
蛍光管（環型、直型）,蛍光管回収ボックス,蛍光管回収ボックスへ  割れたものは家庭ごみ  LED蛍光灯は家庭ごみ
蛍光灯（電球型）,家庭ごみ,
携帯電話（スマートフォン・ガラホ含む）,小型電子機器,小型（概ね25センチ×8.5センチ以内）のものは小型電子機器回収ボックスへ
計量カップ,家庭ごみ,金属製のものは小物金属回収ボックスへ プラスチックだけでできており、1辺の長さが50センチ未満のもので指定袋に入る大きさのものは、プラスチック
計量スプーン,家庭ごみ,金属製のものは小物金属回収ボックスへ プラスチックだけでできており、1辺の長さが50センチ未満のもので指定袋に入る大きさのものは、プラスチック
ケーキ型,小物金属,小物金属回収ボックスへ、金属製以外のものは家庭ごみ
ケーブル,小型電子機器,小型電子機器回収ボックスへ
ゲーム機,家庭ごみ,小型（概ね25センチ×8.5センチ以内）のものは小型電子機器回収ボックスへ
ゲームソフト,家庭ごみ,
化粧品のびん,かん・びん,
化粧品のびんのふた（プラ製）,プラスチック,
げた箱,粗大ごみ,
ケチャップのチューブ（ふたを含む）,プラスチック,中身を使い切って
血圧計（水銀血圧計を除く）,家庭ごみ,電子式で小型（概ね25センチ×8.5センチ以内）のものは小型電子機器回収ボックスへ 水銀血圧計は、水銀血圧計回収ボックスへ
毛抜き,小物金属,小物金属回収ボックスへ
剣山,小物金属,小物金属回収ボックスへ
工具箱（金属製）,小物金属,小物金属回収ボックスへ　金属製以外のものは家庭ごみ
広告・チラシ,古紙,古紙回収ボックスへ
香水のびん,家庭ごみ,
コート掛け,粗大ごみ,事前申込制
コード類,小型電子機器,小型電子機器回収ボックスへ
コードリール,家庭ごみ,小型（概ね25センチ×8.5センチ以内）のものは小型電子機器回収ボックスへ
コーヒーミル,家庭ごみ,
コーヒーメーカー,家庭ごみ,
固形燃料,家庭ごみ,
ござ,家庭ごみ,指定袋に入らない大きさのものは粗大ごみ
こたつ（こたつ板を含む）,粗大ごみ,事前申込制
こたつ布団,粗大ごみ,事前申込制
コップ型のびん（日本酒など）,かん・びん,
コップ,家庭ごみ,プラスチックだけでできており、1辺の長さが50センチ未満のもので指定袋に入る大きさのものは、プラスチック
琴,粗大ごみ,事前申込制
子供用遊具,家庭ごみ,指定袋に入らない大きさのものは粗大ごみ  プラスチックだけでできており、1辺の長さが50センチ未満のもので指定袋に入る大きさのものは、プラスチック
粉ふるい器,小物金属,小物金属回収ボックスへ、金属製以外のものは家庭ごみ
碁盤,家庭ごみ,プラスチックだけでできており、1辺の長さが50センチ未満のもので指定袋に入る大きさのものは、プラスチック
コピー機,粗大ごみ,事前申込制
ごみ箱,家庭ごみ,指定袋に入らない大きさのものは粗大ごみ  金属製のものは小物金属  プラスチックだけでできており、1辺の長さが50センチ未満のもので指定袋に入る大きさのものは、プラスチック
ゴム類（手袋、長靴等）,家庭ごみ,
ゴムボート,家庭ごみ,指定袋に入らない大きさのものは粗大ごみ
ゴムマット,家庭ごみ,
米びつ（ハイザー）,粗大ごみ,事前申込制 プラスチックだけでできており、1辺の長さが50センチ未満のもので指定袋に入る大きさのものは、プラスチック
米袋（紙製）,家庭ごみ,
米袋（プラ製）,プラスチック,
コルク抜き,小物金属,小物金属回収ボックスへ
ゴルフクラブ,粗大ごみ,事前申込制
ゴルフバッグ,粗大ごみ,事前申込制
ゴルフセット,粗大ごみ,事前申込制
コンタクトレンズのケース,家庭ごみ,プラスチックだけでできており、1辺の長さが50センチ未満のもので指定袋に入る大きさのものは、プラスチック
コンパス,小物金属,小物金属回収ボックスへ 金属製以外のものは家庭ごみ
コンビニ弁当の容器,プラスチック,
コンポスト化容器,粗大ごみ,事前申込制
コンロ（卓上式）,小物金属,小物金属回収ボックスへ カセットボンベは中身を使い切ってから穴をあけずに家庭ごみへ（中身の残っているものは「市が収集しないもの」参照）
コンロ（卓上式以外）,粗大ごみ,事前申込制
サーキュレーター,家庭ごみ,
サーフボード,粗大ごみ,事前申込制
サイクリングマシン,粗大ごみ,事前申込制
座いす,粗大ごみ,事前申込制
サイドボード,粗大ごみ,事前申込制
材木類（長さ2メートル以下、直径20センチ以下）,粗大ごみ,事前申込制
酒パック,紙パック,内側がアルミのものは家庭ごみ
座卓,粗大ごみ,事前申込制
雑誌,古紙,古紙回収ボックスへ
殺虫剤,市が収集しないもの,（注）専門の処理業者に依頼
殺虫剤スプレー缶,家庭ごみ,必ず使い切ってから、穴をあけないで
座布団,家庭ごみ,指定袋に入らない大きさのものは粗大ごみ
皿,家庭ごみ,新聞紙などに包んで  プラスチックだけでできており、1辺の長さが50センチ未満のもので指定袋に入る大きさのものは、プラスチック
サラダ油のかん,かん・びん,油をよく落として
サラダ油の容器（プラ製）,プラスチック,中身を使い切って
ざる,家庭ごみ,金属製のものは小物金属回収ボックスへ  プラスチックだけでできており、1辺の長さが50センチ未満のもので指定袋に入る大きさのものは、プラスチック
三角コーナー,家庭ごみ,金属製のものは小物金属回収ボックスへ  プラスチックだけでできており、1辺の長さが50センチ未満のもので指定袋に入る大きさのものは、プラスチック
三脚,家庭ごみ,指定袋に入らない大きさのものは粗大ごみ
三輪車,粗大ごみ,事前申込制
CD（ケースを含む）,プラスチック,
CDチェンジャー,粗大ごみ,事前予約制  小型（概ね25センチ×8.5センチ以内）のものは小型電子機器回収ボックスへ
CDプレーヤー,粗大ごみ,事前予約制  小型（概ね25センチ×8.5センチ以内）のものは小型電子機器回収ボックスへ
CDラジカセ,粗大ごみ,事前予約制  小型（概ね25センチ×8.5センチ以内）のものは小型電子機器回収ボックスへ
シェーバー（ひげそり）,家庭ごみ,金属製のものは小物金属回収ボックスへ  電気シェーバーは小型電子機器回収回収ボックスへ
磁石,家庭ごみ,鉄製は小物金属回収ボックスへ
辞書,古紙,古紙回収ボックスへ
七輪,粗大ごみ,事前予約制
湿気取りの容器（使い捨て）,プラスチック,
室内物干し,粗大ごみ,事前予約制
自転車,粗大ごみ,事前予約制
自動車,市が収集しないもの,（注）販売店に相談
芝刈り機,粗大ごみ,事前予約制
シャープペンシル,家庭ごみ,プラスチックだけでできており、1辺の長さが50センチ未満のもので指定袋に入る大きさのものは、プラスチック
シャープペンシルの芯のケース,プラスチック,
写真,家庭ごみ,
写真フィルムのケース,プラスチック,
ジャッキ,粗大ごみ,事前予約制
シャベル（ショベル）,粗大ごみ,事前予約制
ジャングルジム（子供用遊具）,粗大ごみ,事前予約制
シャンデリア,粗大ごみ,事前予約制
シャンプー詰替用袋,プラスチック,
シャンプー容器,プラスチック,
週刊誌,古紙,古紙回収ボックスへ
ジューサー,家庭ごみ,
じゅうたん,粗大ごみ,事前予約制
充電式電池,電類類,一般社団法人JBRCの回収協力店にお持ちくだい。  詳細は、一般社団法人JBRCのホームページ（外部リンク）をご確認いただくか、お近くの家電量販店に直接ご確認ください。
収納箱（衣装ケース）,粗大ごみ,事前予約制 プラスチックだけでできており、1辺の長さが50センチ未満のもので指定袋に入る大きさのものは、プラスチック
シューズボックス,粗大ごみ,事前予約制
ジュニアシート,家庭ごみ,指定袋に入らない大きさのものは粗大ごみ
シュレッダー（家庭用）,粗大ごみ,事前予約制
シュレッダー処理後の紙,古紙,古紙回収ボックスへ  散らばらないように袋に入れて
瞬間湯沸し器,粗大ごみ,事前予約制
消火器,市が収集しないもの,（注）販売店または株式会社消火器リサイクル推進センター：03-5829-6773（祝日を除く月曜日から金曜日9時から12時、13時から17時）に相談
定規（じょうぎ）,家庭ごみ,金属製のものは小物金属回収ボックスへ  プラスチックだけでできており、1辺の長さが50センチ未満のもので指定袋に入る大きさのものは、プラスチック
将棋盤,家庭ごみ,
障子,粗大ごみ,事前予約制
浄水器,家庭ごみ,指定袋に入らない大きさのものは粗大ごみ
照明器具,粗大ごみ,事前予約制
じょうろ,家庭ごみ,金属製のものは小物金属回収ボックスへ  プラスチックだけでできており、1辺の長さが50センチ未満のもので指定袋に入る大きさのものは、プラスチック
食品用トレイ,プラスチック,
食用油,家庭ごみ,布や紙にしみこませるか固形化してから家庭ごみへ  できるだけペットボトルに入れて、スーパーなどの回収ボックスへ  （注）詳細は、使用済み食用油の回収についてをご覧下さい。
食用油のかん・びん,かん・びん,油をよく落として
食用油の容器（プラ製）,プラスチック,中身を使い切って
食用油の容器のふた（金属製）,小物金属,小物金属回収ボックスへ  油は紙等でふきとって
食用油の容器のふた（プラ製）,プラスチック,
除湿器,粗大ごみ,事前予約制
除湿剤の容器,プラスチック,
食器類,家庭ごみ,新聞紙などで包んで  割れてしまったものも含む  プラスチックだけでできており、1辺の長さが50センチ未満のもので指定袋に入る大きさのものは、プラスチック
食器（洗い）乾燥機,粗大ごみ,事前予約制
食器棚,粗大ごみ,事前予約制
ショッピングカー,粗大ごみ,事前予約制
シルバーカー,粗大ごみ,事前予約制
人工芝,家庭ごみ,指定袋に入らない大きさのものは粗大ごみ
新聞紙,古紙,古紙回収ボックスへ
水銀体温計・水銀血圧計・水銀体温計,区役所または出張所の回収ボックスへ,水銀体温計回収ボックスへ  壊れたものは、硬い紙などで直接触れないようすべて集め、ポリ袋に入れ、家庭ごみで出してください
水槽,粗大ごみ,事前申込制
水筒,家庭ごみ,金属製のものは小物金属回収ボックスへ
炊飯器,粗大ごみ,事前申込制
スーツケース（キャリーバッグ）,粗大ごみ,事前申込制
姿見,粗大ごみ,事前申込制
スキャナー,粗大ごみ,事前申込制
スキー靴,家庭ごみ,
スキーセット  （スキー板とストック）,粗大ごみ,事前申込制
スクリーン,粗大ごみ,事前申込制
スケート靴,家庭ごみ,
スケートボード,粗大ごみ,事前申込制
スコップ,小物金属,金属製の長さが30センチ未満のものは、小物金属回収ボックスへ  プラスチックだけでできており、1辺の長さが50センチ未満のもので指定袋に入る大きさのものは、プラスチック  それ以外は、家庭ごみ  指定袋に入らない大きさのものは粗大ごみ
すだれ,家庭ごみ,指定袋に入らない大きさのものは粗大ごみ  プラスチックだけでできており、1辺の長さが50センチ未満のもので指定袋に入る大きさのものは、プラスチック
スタンドミラー（姿見）,粗大ごみ,事前申込制
スチールかん（飲料・食品用）,かん・びん,
スチール棚,粗大ごみ,事前申込制
ステップマシーン,粗大ごみ,事前申込制
ステレオセット,粗大ごみ,事前申込制
ステレオラック,粗大ごみ,事前申込制
ストーブ,粗大ごみ,灯油は抜いて  事前申込制
ストーブガード,粗大ごみ,事前申込制
ストロー,家庭ごみ,プラスチックだけでできており、1辺の長さが50センチ未満のもので指定袋に入る大きさのものは、プラスチック
砂（鉢植えなどから出た少量のもの）,家庭ごみ,
砂（多量のもの）,粗大ごみ,事前申込制
スナック菓子などの袋,プラスチック,
スノーボード,粗大ごみ,事前申込制
すのこ,粗大ごみ,事前申込制 プラスチックだけでできており、1辺の長さが50センチ未満のもので指定袋に入る大きさのものは、プラスチック
スピーカー,粗大ごみ,事前申込制
スプーン,小物金属,小物金属回収ボックスへ  金属製以外のものは家庭ごみ
スプリングマットレス,粗大ごみ,事前申込制
スプレー缶,家庭ごみ,必ず使い切ってから、穴をあけないで
スプレー缶のキャップ（プラ製）,プラスチック,
すべり台（子供用遊具）,粗大ごみ,事前申込制
スポンジ,家庭ごみ,プラスチックだけでできており、1辺の長さが50センチ未満のもので指定袋に入る大きさのものは、プラスチック
ズボンプレッサー,粗大ごみ,事前申込制
炭,家庭ごみ,
すり鉢,家庭ごみ,新聞紙などに包んで  プラスチックだけでできており、1辺の長さが50センチ未満のもので指定袋に入る大きさのものは、プラスチック
生理用品,家庭ごみ,
石けん箱,家庭ごみ,プラスチックだけでできており、1辺の長さが50センチ未満のもので指定袋に入る大きさのものは、プラスチック
せともの類,家庭ごみ,新聞紙などに包んで
セロハン,家庭ごみ,
洗剤（漂白剤など）,家庭ごみ,液体のものは布か紙にしみこませて
洗剤の計量カップ・スプーン,家庭ごみ,プラスチックだけでできており、1辺の長さが50センチ未満のもので指定袋に入る大きさのものは、プラスチック
洗剤容器（紙製）,家庭ごみ,中身を使い切って
洗剤容器（プラ製）,プラスチック,中身を使い切って
洗浄機能付き便座,粗大ごみ,事前申込制
洗濯機（乾燥機付きのものを含む）,市が収集しないもの,（注）販売店などに引き取りを依頼
洗濯機棚,粗大ごみ,事前申込制
洗濯ハンガー,家庭ごみ,プラスチックだけでできており、1辺の長さが50センチ未満のもので指定袋に入る大きさのものは、プラスチック
剪定枝（せんていし）,家庭ごみ,（参考）「緑のリサイクル」のページ
剪定ばさみ,小物金属,小物金属回収ボックスへ
栓抜き,小物金属,小物金属回収ボックスへ
扇風機,粗大ごみ,事前申込制
せんべいの袋（プラ製）,プラスチック,
洗面器,家庭ごみ,金属製のものは小物金属回収ボックスへ  プラスチックだけでできており、1辺の長さが50センチ未満のもので指定袋に入る大きさのものは、プラスチック
洗面化粧台,粗大ごみ,事前申込制
掃除機,粗大ごみ,事前申込制
惣菜の容器（プラ製）,プラスチック,
即席めんの袋（プラ製）,プラスチック,
ソファー,粗大ごみ,事前申込制
ソファーベッド,粗大ごみ,事前申込制
体温計（水銀体温計を除く）,家庭ごみ,電子式で小型（概ね25センチ×8.5センチ以内）のものは小型電子機器回収ボックスへ  水銀体温計は区役所・出張所の水銀体温計回収ボックスへ
耐火金庫,市が収集しないもの,（注）専門の処理業者に依頼
台車,粗大ごみ,事前申込制
体脂肪計,家庭ごみ,
体重計（ヘルスメーター）,家庭ごみ,
タイプライター,粗大ごみ,事前申込制
タイヤ,市が収集しないもの,（注）販売店に相談
タイヤチェーン,粗大ごみ,事前申込制
タイヤホイール,粗大ごみ,事前申込制
タイル（ガーデニング用、屋外用）,粗大ごみ,事前申込制
高枝切ばさみ,粗大ごみ,事前申込制
卓上コンロ,小物金属,小物金属回収ボックスへ  カセットボンベは中身を使い切ってから穴をあけずに家庭ごみ（中身の残っているものは「市が収集しないもの」参照）
卓上IHコンロ,小型電子機器,小型電子機器回収ボックスへ
畳,粗大ごみ,事前申込制
卓球台,粗大ごみ,事前申込制
脱臭剤（冷蔵庫用など）,家庭ごみ,
タッパー類,家庭ごみ,プラスチックだけでできており、1辺の長さが50センチ未満のもので指定袋に入る大きさのものは、プラスチック
たばこの外装フィルム,プラスチック,
タブレット端末,小型電子機器,小型電子機器回収ボックスへ
卵パック（プラ製）,プラスチック,紙製のものは家庭ごみ
タマネギなどの網・ネット,プラスチック,
たらい,粗大ごみ,事前申込制
たわし,家庭ごみ,金属製のものは小物金属回収ボックスへ
単行本,古紙,古紙回収ボックスへ
たんす,粗大ごみ,事前申込制
ダンベル（鉄アレイ）,小物金属,小物金属回収ボックスへ  金属製以外のものは家庭ごみ
段ボール,古紙,古紙回収ボックスへ  ガムテープや伝票は外して
チェーン,家庭ごみ,金属製のものは小物金属回収ボックスへ
チェーンソー,粗大ごみ,事前申込制
地球儀,家庭ごみ,指定袋に入らない大きさのものは粗大ごみ
チャイルドシート,粗大ごみ,事前申込制
茶こし,小物金属,小物金属回収ボックスへ
茶だんす,粗大ごみ,事前申込制
茶筒,家庭ごみ,金属製のものは小物金属回収ボックスへ  プラスチックだけでできており、1辺の長さが50センチ未満のもので指定袋に入る大きさのものは、プラスチック
着火剤,家庭ごみ,
茶碗,家庭ごみ,新聞紙などに包んで　割れたものも家庭ごみ  プラスチックだけでできており、1辺の長さが50センチ未満のもので指定袋に入る大きさのものは、プラスチック
中華鍋,小物金属,小物金属回収ボックスへ  30センチを超えるものは家庭ごみ
注射針,市が収集しないもの,（注）かかりつけの病院に引き取りを依頼
注射筒,家庭ごみ,新聞紙などに包んで  針が外せない物はかかりつけの病院に引き取りを依頼
チューナー（BS・CS）,粗大ごみ,事前申込制  小型（概ね25センチ×8.5センチ以内）のものは小型電子機器回収ボックスへ
彫刻刀,家庭ごみ,新聞紙などに包んで
ちょうつがい,小物金属,小物金属回収ボックスへ
調理台,粗大ごみ,事前申込制
チラシ（新聞折込み）,古紙,古紙回収ボックスへ
ちり紙,家庭ごみ,
ちりとり,家庭ごみ,金属製のものは小物金属回収ボックスへ プラスチックだけでできており、1辺の長さが50センチ未満のもので指定袋に入る大きさのものは、プラスチック
ついたて,粗大ごみ,事前申込制
つえ,家庭ごみ,
机,粗大ごみ,事前申込制
つけもの石（石製・ポリエチレン製）,粗大ごみ,事前申込制
土（鉢植えなどから出た少量のもの）,家庭ごみ,
土（多量のもの）,粗大ごみ,事前申込制
つっぱり棒,家庭ごみ,プラスチックだけでできており、1辺の長さが50センチ未満のもので指定袋に入る大きさのものは、プラスチック
壺（つぼ）,家庭ごみ,新聞紙などに包んで
詰替え品の容器など（プラ製）,プラスチック,
つめ切り,小物金属,小物金属回収ボックスへ
つりざお,家庭ごみ,指定袋に入らない大きさのものは粗大ごみ
つりばり,家庭ごみ,新聞紙などに包んで
DVD（ケースを含む）,プラスチック,
DVDプレーヤー,粗大ごみ,事前申込制  小型（概ね25センチ×8.5センチ以内）のものは小型電子機器回収ボックスへ
デイパック,家庭ごみ,
ティッシュの箱,古紙,古紙回収ボックスへ  取り出し口のビニールははがして
ティッシュペーパー,家庭ごみ,
テーブル,粗大ごみ,事前申込制
テーブルタップ（電気コード）,小型電子機器,小型電子機器回収ボックスへ
テープレコーダー,粗大ごみ,事前申込制  小型（概ね25センチ×8.5センチ以内）のものは小型電子機器回収ボックスへ
手さげ金庫,粗大ごみ,事前申込制
鉄アレイ（ダンベル）,小物金属,小物金属回収ボックスへ
鉄パイプ（鉄棒）,小物金属,小物金属回収ボックスへ　30センチを超えるものは粗大ごみ
鉄板,小物金属,小物金属回収ボックスへ　30センチを超えるものは粗大ごみ
テニスラケット,家庭ごみ,
テレビアンテナ,粗大ごみ,事前申込制
テレビゲーム,小型電子機器,小型電子機器回収ボックスへ
テレビボード,粗大ごみ,事前申込制
テレビ（ブラウン管式・液晶式・プラズマ式）,市が収集しないもの,（注）販売店などに引き取りを依頼
テレビ（リアプロジェクション式）,粗大ごみ,事前申込制
テレビ台,粗大ごみ,事前申込制
電気カーペット,粗大ごみ,事前申込制
電気釜（炊飯器）,粗大ごみ,事前申込制
電気かみそり,小型電子機器,小型電子機器回収ボックスへ
電気スタンド,家庭ごみ,指定袋に入らない大きさのものは粗大ごみ
電気ポット（電気ケトル含む）,家庭ごみ,
電気治療器,粗大ごみ,事前申込制
電球,家庭ごみ,新聞紙などに包んで
電子オルガン（電気オルガンも含む）,粗大ごみ,事前申込制
電子ゲーム機（携帯ゲーム機）,小型電子機器,小型電子機器回収ボックスへ
電子辞書（電子手帳）,小型電子機器,小型電子機器回収ボックスへ
電子たばこ,電池類,電池類回収ボックスへ
電子ピアノ,粗大ごみ,事前申込制
電子レンジ,粗大ごみ,事前申込制
電子レンジ台,粗大ごみ,事前申込制
電磁調理器,粗大ごみ,事前申込制  IHコンロなど電子式で小型のものは小型電子機器回収ボックスへ
天体望遠鏡,粗大ごみ,事前申込制
電卓,小型電子機器,小型電子機器回収ボックスへ
電池,電池類,電池の種類によって処分先が異なる  乾電池、ニカド電池、ボタン電池、リチウムイオン電池の項目確認
テント,家庭ごみ,指定袋に入らない大きさのものは粗大ごみ
電動カート,市が収集しないもの,（注）販売店に相談
電動車いす,市が収集しないもの,（注）販売店に相談
電動工具,粗大ごみ,事前申込制
電動歯ブラシ,小型電子機器,小型電子機器回収ボックスへ
天ぷら油,家庭ごみ,布や紙にしみこませるか固形化して、指定袋に入れてください。  できるだけペットボトルに入れて、スーパーなどの回収ボックスへ
電話機（FAX機能付きも含む）,家庭ごみ,小型（概ね25センチ×8.5センチ以内）のものは小型電子機器回収ボックスへ
電話台,粗大ごみ,事前申込制
戸（ドア）,粗大ごみ,事前申込制
砥石,家庭ごみ,
トイレタンク,粗大ごみ,事前申込制
トイレブラシ,家庭ごみ,プラスチックだけでできており、1辺の長さが50センチ未満のもので指定袋に入る大きさのものは、プラスチック
陶磁器類,家庭ごみ,新聞紙などに包んで
透析バッグ（点滴バッグ、チューブ、カテーテル）,家庭ごみ,内容物を出し切って新聞紙などに包んで  （注）注射針、血液のついているものは、かかりつけの病院に引き取りを依頼
動物の死体（ペット）,家庭ごみ,動物愛護センターでも受付（電話093-581-1800）
動物の死体（道路上で発見したものなど）,環境センターにご連絡を,環境センターにご連絡を
灯油,市が収集しないもの,（注）専門の処理業者に引き取りを依頼
灯油タンク（ポリタンク）,家庭ごみ,指定袋に入らない大きさのものは粗大ごみ
トースター（ポップアップ式で全体が金属）,小物金属,小物金属回収ボックスへ  オーブントースターは粗大ごみ
時計,家庭ごみ,電子で小型（概ね25センチ×8.5センチ以内）のものは小型電子機器回収ボックスへ
戸棚,粗大ごみ,事前申込制
トタン板（金属製、樹脂製）,粗大ごみ,事前申込制
土なべ,家庭ごみ,新聞紙などに包んで
ドライバー,小物金属,小物金属回収ボックスへ
ドライヤー,家庭ごみ,小型（概ね25センチ×8.5センチ以内）のものは小型電子機器回収ボックスへ
ドラム缶,粗大ごみ,事前申込制
ドラムセット,粗大ごみ,事前申込制
トランプ,家庭ごみ,
トランポリン,粗大ごみ,事前申込制
鳥かご,粗大ごみ,事前申込制
ドリッパー,家庭ごみ,
塗料,市が収集しないもの,（注）専門の処理業者に依頼
塗料缶・びん,家庭ごみ,必ず使い切ってから
塗料容器（プラ製）,プラスチック,必ず使い切ってから
トレイ（食品用発泡スチロール製）,プラスチック,スーパーなどの回収ボックスも利用できます
トレイ（食品用プラ製）,プラスチック,
ドレッサー,粗大ごみ,事前申込制
泥（庭そうじなどで集めた少量のもの）,家庭ごみ,
とんかち（金づち）,小物金属,小物金属回収ボックスへ
ナイフ,家庭ごみ,新聞紙などに包んで
苗木のプラ製ポット,プラスチック,土などを取り除いて
中仕切（プラ製）,プラスチック,
流し台,粗大ごみ,事前申込制
中ぶた（プラ製）,プラスチック,
鉈（なた）,家庭ごみ,新聞紙などに包んで
納豆の容器（紙製）,家庭ごみ,
納豆の容器（プラ製）,プラスチック,
なべ（金属製）,小物金属,小物金属回収ボックスへ  30センチを超えるものは家庭ごみ
生木（長さ2メートル以下、直径10メートル以下）,粗大ごみ,事前申込制
波板（金属製、樹脂製）,粗大ごみ,事前申込制
ニカド電池,家庭ごみ,一般社団法人JBRCの回収協力店にお持ちくだい。  詳細は、一般社団法人JBRCのホームページ（外部リンク）をご確認いただくか、お近くの家電量販店に直接ご確認ください。
人形ケース,粗大ごみ,事前申込制  プラスチックだけでできており、1辺の長さが50センチ未満のもので指定袋に入る大きさのものは、プラスチック
布類（衣類以外）,家庭ごみ,
ネガフィルム,家庭ごみ,プラスチックだけでできており、1辺の長さが50センチ未満のもので指定袋に入る大きさのものは、プラスチック
ネクタイ,家庭ごみ,
ネクタイピン,小物金属,小物金属回収ボックスへ  金属製以外のものは家庭ごみ
ねじ,小物金属,小物金属回収ボックスへ  透明のビニール袋に入れて
寝袋（シュラフ）,家庭ごみ,
粘土（工作用）,家庭ごみ,
農薬,市が収集しないもの,（注）専門の処理業者に依頼
農薬びん（家庭用）（中身のないもの）,家庭ごみ,
ノート,古紙,古紙回収ボックスへ
ノートパソコン,粗大ごみ,「パソコン」のページ参照  小型（概ね25センチ×8.5センチ以内）のものは小型電子機器回収ボックスへ
のこぎり,家庭ごみ,新聞紙などに包んで
バーベキューコンロ,粗大ごみ,事前申込制
バーベル（バー・おもり）,粗大ごみ,事前申込制
ハーモニカ,家庭ごみ,
バイク,市が収集しないもの,・購入店に相談  ・「二輪車リサイクルシステム」（バイクメーカーの取り組み）  ・二輪車リサイクルコールセンター：050-3000-0727に相談（注）自転車やバイク部品のみは対象外
灰皿,家庭ごみ,金属製のものは小物金属回収ボックスへ
パイプいす,粗大ごみ,事前申込制
パイプハンガー,粗大ごみ,事前申込制
廃油,市が収集しないもの,（注）専門の処理業者に相談  廃油処理パック等で固形にしたものは家庭ごみ
はがき,古紙,古紙回収ボックスへ
はかり（台所ばかり）,家庭ごみ,
はきもの類,家庭ごみ,
バケツ,家庭ごみ,金属製のものは小物金属回収ボックスへ  指定袋に入らない大きさのものは粗大ごみ  プラスチックだけでできており、1辺の長さが50センチ未満のもので指定袋に入る大きさのものは、プラスチック
はさみ,小物金属,小物金属回収ボックスへ
箸（はし）,家庭ごみ,金属製のものは小物金属回収ボックスへ  プラスチックだけでできており、1辺の長さが50センチ未満のもので指定袋に入る大きさのものは、プラスチック
はしご,粗大ごみ,事前申込制
バスマット,家庭ごみ,
パソコンキーボード,小型電子機器,「パソコン」参照  小型電子機器回収ボックスへ
パソコン用ディスプレイ,粗大ごみ,「パソコン」参照  事前申込制
パソコン本体（デスクトップ型・ノート型）,粗大ごみ,「パソコン」参照  小型のものは小型電子機器回収ボックスへ
パソコンラック,粗大ごみ,事前申込制
発炎筒,市が収集しないもの,（注）販売店に相談
バッテリー,市が収集しないもの,（注）販売店に相談
バット（野球用）,粗大ごみ,事前申込制
バット（料理用）,小物金属,小物金属回収ボックスへ 金属製以外のものは家庭ごみ
発泡スチロール製の容器包装（箱・緩衝材など）,プラスチック,
花火,家庭ごみ,水にひたしてから
パネルヒーター,粗大ごみ,事前申込制
歯ブラシ,家庭ごみ,電動歯ブラシは、小型電子機器回収ボックスへ  プラスチックだけでできており、1辺の長さが50センチ未満のもので指定袋に入る大きさのものは、プラスチック
歯みがき粉チューブ,プラスチック,中身を使い切って
刃物類,家庭ごみ,新聞紙などに包んで
バラン（仕切り用）,プラスチック,
針（裁縫用など）,家庭ごみ,新聞紙などに包んで
針金,小物金属,小物金属回収ボックスへ 長い場合は巻いた状態で
バリカン,家庭ごみ,金属製のものは小物金属回収ボックスへ 電気バリカンは小型電子機器回収ボックスへ
ハンガー,家庭ごみ,金属製のものは小物金属回収ボックスへ  プラスチックだけでできており、1辺の長さが50センチ未満のもので指定袋に入る大きさのものは、プラスチック
飯ごう,小物金属,小物金属回収ボックスへ
はんだごて,小型電子機器,小型電子機器回収ボックスへ
パンチ（穴あけ）,小物金属,小物金属回収ボックスへ
ハンディミシン,小型電子機器,小型電子機器回収ボックスへ
ハンドクリーナー,家庭ごみ,
ハンドバッグ,家庭ごみ,
パンフレット,古紙,古紙回収ボックスへ
ハンマー（金属製）,小物金属,小物金属回収ボックスへ
ピアノ,市が収集しないもの,（注）専門の処理業者に依頼
ビーチパラソル,粗大ごみ,事前申込制
PPバンド,プラスチック,50センチ未満に切って
ビールケース,粗大ごみ,事前申込制  できるだけ販売店へ
ビールびん,かん・びん,できるだけ販売店へ
ビールびんのふた,小物金属,小物金属回収ボックスへ
ひげそり,家庭ごみ,金属製のものは小物金属回収ボックスへ 電気ひげそりはできるだけ小型電子機器回収ボックスへ
ビデオカメラ,小型電子機器,小型電子機器回収ボックスへ
ビデオテープ類（ケースを含む）,家庭ごみ,
ビデオデッキ,粗大ごみ,事前申込制
ひな人形セット,家庭ごみ,指定袋に入らない大きさのものは粗大ごみ
ビニールシート,家庭ごみ,プラスチックだけでできており、1辺の長さが50センチ未満のもので指定袋に入る大きさのものは、プラスチック
ビニール手袋,プラスチック,
ビニール袋,プラスチック,
火バサミ,小物金属,小物金属回収ボックスへ
火鉢,粗大ごみ,事前申込制
肥料,家庭ごみ,
びん（飲料・食品のびん）,かん・びん,
びん（のみ薬のびん）,かん・びん,
びん（調味料びん）,かん・びん,
びん（ソース、ドレッシングびん）,かん・びん,油をよく落として
びん（油びん）,かん・びん,油をよく落として
びん（化粧品のびん）,かん・びん,
びん（飲食物以外のびん）,家庭ごみ,
ファイル（紙製）,古紙,古紙回収ボックスへ 金具等は外して
ファイル（プラスチック製）,プラスチック,
ファクシミリ（FAX）,粗大ごみ,事前申込制  小型（概ね25センチ×8.5センチ以内）のものは小型電子機器回収ボックスへ
ファクシミリ用紙（感熱紙）,家庭ごみ,
ファンシーケース（衣装ケース）,粗大ごみ,事前申込制  プラスチックだけでできており、1辺の長さが50センチ未満のもので指定袋に入る大きさのものは、プラスチック
ファンヒーター,粗大ごみ,事前申込制  灯油は抜いて
フィルム（ネガ）,家庭ごみ,プラスチックだけでできており、1辺の長さが50センチ未満のもので指定袋に入る大きさのものは、プラスチック
フィルムケース,プラスチック,
封筒,古紙,古紙回収ボックスへ ビニール製のものは家庭ごみ
フードプロセッサー,家庭ごみ,
ふえ（ホイッスル）,小物金属,小物金属回収ボックスへ 金属製以外のものは家庭ごみ  プラスチックだけでできており、1辺の長さが50センチ未満のもので指定袋に入る大きさのものは、プラスチック
フェンス,粗大ごみ,事前申込制
フォーク,小物金属,小物金属回収ボックスへ 金属製以外のものは家庭ごみ  プラスチックだけでできており、1辺の長さが50センチ未満のもので指定袋に入る大きさのものは、プラスチック
ふすま,粗大ごみ,事前申込制
ふせん,古紙,古紙回収ボックスへ のり部分は取り除いて
ふた・キャップ（金属製）,小物金属,小物金属回収ボックスへ
ふた・キャップ（プラ製）,プラスチック,
ブックエンド,小物金属,小物金属回収ボックスへ 金属製以外のものは家庭ごみ  プラスチックだけでできており、1辺の長さが50センチ未満のもので指定袋に入る大きさのものは、プラスチック
ブックカバー,古紙,古紙回収ボックスへ 紙製以外のものは家庭ごみ
仏壇,粗大ごみ,事前申込制
筆箱,家庭ごみ,金属製のものは小物金属回収ボックスへ  プラスチックだけでできており、1辺の長さが50センチ未満のもので指定袋に入る大きさのものは、プラスチック
布団,粗大ごみ,事前申込制
布団乾燥機,粗大ごみ,事前申込制
布団たたき,家庭ごみ,プラスチックだけでできており、1辺の長さが50センチ未満のもので指定袋に入る大きさのものは、プラスチック
布団干し,粗大ごみ,事前申込制
フライ返し,小物金属,小物金属回収ボックスへ  金属製以外のものは家庭ごみ  プラスチックだけでできており、1辺の長さが50センチ未満のもので指定袋に入る大きさのものは、プラスチック
フライパン,小物金属,小物金属回収ボックスへ  30センチを超えるものは家庭ごみ
ブラインド,粗大ごみ,事前申込制
ぶら下がり健康器,粗大ごみ,事前申込制
ブラシ,家庭ごみ,プラスチックだけでできており、1辺の長さが50センチ未満のもので指定袋に入る大きさのものは、プラスチック
プラスチック製収納箱,家庭ごみ,指定袋に入らない大きさのものは粗大ごみ  プラスチックだけでできており、1辺の長さが50センチ未満のもので指定袋に入る大きさのものは、プラスチック
プラモデル,家庭ごみ,プラスチックだけでできており、1辺の長さが50センチ未満のもので指定袋に入る大きさのものは、プラスチック
ブランコ,粗大ごみ,事前申込制
プランター,家庭ごみ,指定袋に入らない大きさのものは粗大ごみ  プラスチックだけでできており、1辺の長さが50センチ未満のもので指定袋に入る大きさのものは、プラスチック
ブリキ製品,小物金属,小物金属回収ボックスへ  30センチを超えるものは粗大ごみ
プリンター,粗大ごみ,事前申込制  小型（概ね25センチ×8.5センチ以内）のものは小型電子機器回収ボックスへ
プリンターのインクカートリッジ,家庭ごみ,できるだけ販売店へ（市役所・区役所にも回収箱があります）
ブルーシート,家庭ごみ,プラスチックだけでできており、1辺の長さが50センチ未満のもので指定袋に入る大きさのものは、プラスチック
古着,古着,古着回収ボックスへ
プレーヤー,粗大ごみ,事前申込制  小型（概ね25センチ×8.5センチ以内）のものは小型電子機器回収ボックスへ
風呂おけ（浴槽）,粗大ごみ,事前申込制
風呂釜,粗大ごみ,事前申込制
風呂ふた,粗大ごみ,事前申込制
ブロック,粗大ごみ,事前申込制
フロッピーディスク,家庭ごみ,
プロパンガスボンベ,市が収集しないもの,（注）販売店に相談
文鎮（ぶんちん）,小物金属,小物金属回収ボックスへ
噴霧器,粗大ごみ,事前申込制
ヘアピン,小物金属,小物金属回収ボックスへ 透明のビニール袋に入れて
ベッド,粗大ごみ,事前申込制
ベッドマット（スプリングマット含む）,粗大ごみ,事前申込制
ペットの運搬ケース（ケージ）,家庭ごみ,指定袋に入らない大きさのものは粗大ごみ
ペットの小屋,粗大ごみ,事前申込制
ペットの亡き骸,家庭ごみ,動物愛護センターでも受付（電話093-581-1800）
ペットのふん,家庭ごみ,
ペットフードかん,かん・びん,油と汚れをよく落として
ペット用の檻（おり）,粗大ごみ,事前申込制
ペット用トイレ,家庭ごみ,
ペットボトル,ペットボトル,
ペットボトルのふた,プラスチック,
ヘッドホン,家庭ごみ,小型（概ね25センチ×8.5センチ以内）のものは小型電子機器回収ボックスへ
ベニヤ板,家庭ごみ,指定袋に入らない大きさのものは粗大ごみ
ベビーカー（乳母車）,粗大ごみ,事前申込制
ベビーダンス,粗大ごみ,事前申込制
ベビーチェアー,家庭ごみ,指定袋に入らない大きさのものは粗大ごみ  プラスチックだけでできており、1辺の長さが50センチ未満のもので指定袋に入る大きさのものは、プラスチック
ベビーバス,粗大ごみ,事前申込制 プラスチックだけでできており、1辺の長さが50センチ未満のもので指定袋に入る大きさのものは、プラスチック
ベビー布団,粗大ごみ,事前申込制
ベビーベッド,粗大ごみ,事前申込制
ヘルメット,家庭ごみ,プラスチックだけでできており、1辺の長さが50センチ未満のもので指定袋に入る大きさのものは、プラスチック
便器（温水洗浄機能付便座含む）,粗大ごみ,事前申込制
ペンキ,市が収集しないもの,（注）専門の処理業者に依頼
ペンキ（スプレー缶）,家庭ごみ,必ず中身を使い切ってから穴をあけずに
ペンキ缶（中身のないもの）,家庭ごみ,
ペンチ,小物金属,小物金属回収ボックスへ
弁当箱,家庭ごみ,金属製のものは小物金属回収ボックスへ  プラスチックだけでできており、1辺の長さが50センチ未満のもので指定袋に入る大きさのものは、プラスチック
弁当の容器（プラ製・コンビニなどの弁当容器）,プラスチック,
ボアシーツ,家庭ごみ,
ホイールキャップ,家庭ごみ,
望遠鏡,粗大ごみ,事前申込制
ほうき,家庭ごみ,指定袋に入らない大きさのものは粗大ごみ
包装紙,古紙,古紙回収ボックスへ  セロハンテープなど紙以外のものは除いてから
包装用フィルム,プラスチック,
防虫剤,家庭ごみ,
防虫剤容器,家庭ごみ,プラスチックだけでできており、1辺の長さが50センチ未満のもので指定袋に入る大きさのものは、プラスチック
包丁,家庭ごみ,新聞紙などに包んで
防腐剤,家庭ごみ,
ボウル（台所用品、金属製）,小物金属,小物金属回収ボックスへ  金属製以外のものは家庭ごみ  プラスチックだけでできており、1辺の長さが50センチ未満のもので指定袋に入る大きさのものは、プラスチック
ホース,家庭ごみ,
ホースリール,家庭ごみ,指定袋に入らない大きさのものは粗大ごみ
ポータブルプレーヤー（テレビ、ラジオ、CD、MP3など）,小型電子機器,小型電子機器回収ボックスへ
ボート（ゴムボートを除く）,市が収集しないもの,（注）日本マリン事業協会：03-5542-1202に相談
ホームベーカリー,粗大ごみ,事前申込制
ホームラック,粗大ごみ,事前申込制
ボウリングの球,粗大ごみ,事前申込制
ボールペン,家庭ごみ,プラスチックだけでできており、1辺の長さが50センチ未満のもので指定袋に入る大きさのものは、プラスチック
ホーロー鍋,小物金属,小物金属回収ボックスへ
歩行器,粗大ごみ,事前申込制
保温剤・保冷剤,家庭ごみ,
ポスター,古紙,古紙回収ボックスへ
ボタン,家庭ごみ,プラスチックだけでできており、1辺の長さが50センチ未満のもので指定袋に入る大きさのものは、プラスチック
ボタン電池,電池類,電池類　回収ボックスへ  できるだけ電器店などの回収ボックスへ
ホッチキス（針も含む）,小物金属,小物金属回収ボックスへ  針のみの場合は透明のビニール袋に入れて
ポット（電気ポット含む）,家庭ごみ,
ホットカーペット,粗大ごみ,事前申込制
ホットプレート,粗大ごみ,事前申込制  30センチ以下で金属製のものは小物金属回収ボックスへ
ほ乳びん,家庭ごみ,プラスチックだけでできており、1辺の長さが50センチ未満のもので指定袋に入る大きさのものは、プラスチック
ポリタンク,家庭ごみ,指定袋に入らない大きさのものは粗大ごみ  プラスチックだけでできており、1辺の長さが50センチ未満のもので指定袋に入る大きさのものは、プラスチック
ポリ袋（プラマーク付き）,プラスチック,
ポリ容器,家庭ごみ,指定袋に入らない大きさのものは粗大ごみ  プラスチックだけでできており、1辺の長さが50センチ未満のもので指定袋に入る大きさのものは、プラスチック
本,古紙,古紙回収ボックスへ
本立て,小物金属,小物金属回収ボックスへ  金属製以外のものは家庭ごみ
本棚,粗大ごみ,事前申込制
ポンプ（ポリタンク用）,プラスチック,
ポンプ（井戸用）,粗大ごみ,事前申込制
ボンボンベッド（サマーベッド）,粗大ごみ,事前申込制
マーカーペン,家庭ごみ,プラスチックだけでできており、1辺の長さが50センチ未満のもので指定袋に入る大きさのものは、プラスチック
麻雀卓,粗大ごみ,事前申込制
麻雀牌・マット,家庭ごみ,
マイク,家庭ごみ,
マウス,小型電子機器,小型電子機器回収ボックスへ
マガジンラック,家庭ごみ,金属製のものは小物金属回収ボックスへ  指定袋に入らない大きさのものは粗大ごみ
マグネット,家庭ごみ,
枕,家庭ごみ,
マッサージいす,粗大ごみ,事前申込制
マッサージ機,家庭ごみ,指定袋に入らない大きさのものは粗大ごみ  電気式で小型のものは小型電子機器回収ボックスへ
マッチ,家庭ごみ,水にひたしてから
マットレス,粗大ごみ,事前申込制
窓ガラス,粗大ごみ,事前申込制  割れて小さいものは新聞紙などに包んで家庭ごみへ
窓付き封筒,古紙,古紙回収ボックスへ  セロハンなどの窓部分は家庭ごみへ
まな板,家庭ごみ,
マニキュアのびん,家庭ごみ,
魔法びん,家庭ごみ,
豆電球,家庭ごみ,新聞紙などに包んで
マヨネーズのチューブ（ふたを含む）,プラスチック,中身を使い切って
丸太（長さ2メートル以下、直径20センチ以下）,粗大ごみ,事前申込制
みかんなどの網・ネット,プラスチック,
みかんなどのポリ袋,プラスチック,
ミキサー,家庭ごみ,
ミシン,粗大ごみ,事前申込制
ミシン台,粗大ごみ,事前申込制
ミニカー,家庭ごみ,金属製のものは小物金属回収ボックスへ
ミニコンポ,粗大ごみ,事前申込制
ミル,家庭ごみ,
ミルクかん,かん・びん,
虫かご,家庭ごみ,プラスチックだけでできており、1辺の長さが50センチ未満のもので指定袋に入る大きさのものは、プラスチック
蒸し器,小物金属,小物金属回収ボックスへ  木製、竹製のせいろは家庭ごみへ
虫ピン,家庭ごみ,新聞紙などに包んで
虫めがね,家庭ごみ,
名刺,古紙,古紙回収ボックスへ
めがね,家庭ごみ,
眼鏡ケース,家庭ごみ,プラスチックだけでできており、1辺の長さが50センチ未満のもので指定袋に入る大きさのものは、プラスチック
目薬の容器,プラスチック,
メモ用紙,古紙,古紙回収ボックスへ
毛布,家庭ごみ,
木材（長さ2メートル以下、直径20センチ以下）,粗大ごみ,事前申込制
木炭,家庭ごみ,
木馬（子供用遊具）,粗大ごみ,事前申込制
もちつき機,粗大ごみ,事前申込制
モップ,家庭ごみ,指定袋に入らない大きさのものは粗大ごみ
物置（解体したもの）,粗大ごみ,事前申込制
ものさし,家庭ごみ,金属製で30センチ以内のものは小物金属回収ボックスへ  プラスチックだけでできており、1辺の長さが50センチ未満のもので指定袋に入る大きさのものは、プラスチック
物干しざお,粗大ごみ,事前申込制
物干し台,粗大ごみ,事前申込制
物干し台の支柱,粗大ごみ,事前申込制
モバイルバッテリー,電池類,電池類回収ボックスへ
門扉,粗大ごみ,事前申込制
やかん,小物金属,小物金属回収ボックスへ
薬品（家庭医薬品）,家庭ごみ,
薬品（家庭医薬品でないもの）,市が収集しないもの,（注）専門の処理業者に依頼
野菜などの結束用テープ,家庭ごみ,
野菜などのトレイ,プラスチック,
ヤスリ（紙）,家庭ごみ,
ヤスリ（金属製）,小物金属,小物金属回収ボックスへ
床暖房パネル,粗大ごみ,事前申込制
湯たんぽ（金属製）,小物金属,小物金属回収ボックスへ
湯たんぽ（金属製以外）,家庭ごみ,プラスチックだけでできており、1辺の長さが50センチ未満のもので指定袋に入る大きさのものは、プラスチック
ゆりかご,粗大ごみ,事前申込制
湯沸し器,粗大ごみ,事前申込制
洋服,古着,古着回収ボックスへ
浴槽,粗大ごみ,事前申込制
よしず,粗大ごみ,事前申込制
ライター,家庭ごみ,中身を使い切ってから穴をあけずに
ラケット,家庭ごみ,プラスチックだけでできており、1辺の長さが50センチ未満のもので指定袋に入る大きさのものは、プラスチック
ラジオ,家庭ごみ,小型（概ね25センチ×8.5センチ以内）のものはできるだけ小型電子機器回収ボックスへ
ラジカセ,粗大ごみ,小型（概ね25センチ×8.5センチ以内）のものはできるだけ小型電子機器回収ボックスへ
ラップ（家庭で使用したもの）,家庭ごみ,
ラップ（購入した商品を包んでいたもの）,プラスチック,
ランタン,家庭ごみ,
ランドセル,家庭ごみ,
ランニングマシン,粗大ごみ,事前申込制
リコーダー,家庭ごみ,プラスチックだけでできており、1辺の長さが50センチ未満のもので指定袋に入る大きさのものは、プラスチック
リチウムイオン電池（充電池）,電池類,電池類回収ボックスへ
リチウム電池（充電ができないもの）,電池類,電池類回収ボックスへ
リップクリームの容器（プラ製）,プラスチック,
リモコン,小型電子機器,小型電子回収ボックスへ
リヤカー,粗大ごみ,事前申込制
りんごなどを包んだ発泡スチロール製ネット,プラスチック,
ルーペ,家庭ごみ,
ルームランナー,粗大ごみ,事前申込制
冷温庫,粗大ごみ,事前申込制
冷水器,粗大ごみ,事前申込制
冷蔵庫（冷凍冷蔵庫）,市が収集しないもの,（注）販売店などに引き取りを依頼
冷凍庫,市が収集しないもの,（注）販売店などに引き取りを依頼
冷風器,粗大ごみ,事前申込制
冷房機器（エアコン）,市が収集しないもの,（注）販売店などに引き取りを依頼
レーザーディスク（LD）,家庭ごみ,
レーザーディスクプレーヤー（LDプレーヤー）,粗大ごみ,事前申込制
レコード,家庭ごみ,
レコードプレーヤー,粗大ごみ,事前申込制
レシート,家庭ごみ,
レジ袋,プラスチック,
レジャーシート,家庭ごみ,プラスチックだけでできており、1辺の長さが50センチ未満のもので指定袋に入る大きさのものは、プラスチック
レトルト食品の容器,プラスチック,
レンガ,粗大ごみ,事前申込制
レンジ台,粗大ごみ,事前申込制
レンジフード,粗大ごみ,事前申込制
レンズ,家庭ごみ,プラスチックだけでできており、1辺の長さが50センチ未満のもので指定袋に入る大きさのものは、プラスチック
ローボード,粗大ごみ,事前申込制
ローラースケート,家庭ごみ,
ロッカー,粗大ごみ,事前申込制
ワープロ,粗大ごみ,事前申込制
ワイヤー,小物金属,小物金属回収ボックスへ  長い場合は巻いた状態で
ワイヤーロープ,家庭ごみ,
ワイン庫（ワインセラー）,市が収集しないもの,（注）販売店などに引き取りを依頼
ワイン栓（コルク）,家庭ごみ,
ワインびん,かん・びん,
ワゴン,粗大ごみ,事前申込制
わさびのチューブ（ふたを含む）,プラスチック,中身を使い切って
ワックスの缶,家庭ごみ,
