Unnamed: 0,町名,家庭ごみの収集日,プラスチックの収集日,粗大ごみの収集日  （事前申込制）
あ,青葉台,火曜日・金曜日,月曜日,第2木曜日
,大字伊川,火曜日・金曜日,木曜日,第1月曜日
,泉ケ丘,火曜日・金曜日,月曜日,第2水曜日
,稲積1～2丁目,火曜日・金曜日,月曜日,第2木曜日
,大字今津,火曜日・金曜日,木曜日,第1月曜日
,梅ノ木町,火曜日・金曜日,月曜日,第2火曜日
,老松町,月曜日・木曜日,火曜日,第1水曜日
,大久保1～3丁目,火曜日・金曜日,木曜日,第1火曜日
,大字大積,火曜日・金曜日,木曜日,第1火曜日
,奥田1～5丁目,火曜日・金曜日,木曜日,第2月曜日
,町名,家庭ごみの収集日,プラスチックの収集日,粗大ごみの収集日  （事前申込制）
か,花月園,月曜日・木曜日,火曜日,第1水曜日
,風師1～4丁目,火曜日・金曜日,木曜日,第1金曜日
,春日町,火曜日・金曜日,木曜日,第1木曜日
,片上海岸,火曜日・金曜日,木曜日,第1金曜日
,片上町,火曜日・金曜日,木曜日,第1金曜日
,上ニ十町,火曜日・金曜日,木曜日,第2月曜日
,上藤松1～3丁目,火曜日・金曜日,月曜日,第2木曜日
,上本町,月曜日・木曜日,火曜日,第1水曜日
,上馬寄1～3丁目,火曜日・金曜日,月曜日,第2水曜日
,大字吉志（一部）,月曜日・木曜日,火曜日,第1月曜日
,大字吉志（一部）,火曜日・金曜日,木曜日,第1月曜日
,吉志1丁目（一部）,月曜日・木曜日,火曜日,第1月曜日
,吉志1丁目（一部）,火曜日・金曜日,木曜日,第1月曜日
,吉志2～3丁目,火曜日・金曜日,木曜日,第1月曜日
,吉志4～7丁目,月曜日・木曜日,火曜日,第1月曜日
,吉志新町1～3丁目,月曜日・木曜日,火曜日,第1月曜日
,北川町,火曜日・金曜日,木曜日,第1金曜日
,大字喜多久,火曜日・金曜日,木曜日,第1火曜日
,旧門司1～2丁目,月曜日・木曜日,火曜日,第1水曜日
,清滝1丁目,火曜日・金曜日,木曜日,第1木曜日
,清滝3丁目（一部）,月曜日・木曜日,火曜日,第1木曜日
,清滝3丁目（一部）,火曜日・金曜日,木曜日,第1木曜日
,清滝4～5丁目,月曜日・木曜日,火曜日,第1木曜日
,清見1～4丁目,月曜日・木曜日,火曜日,第1火曜日
,清見佐夜町（一部）,月曜日・木曜日,火曜日,第1火曜日
,清見佐夜町（一部）,火曜日・金曜日,木曜日,第1火曜日
,葛葉1～3丁目,火曜日・金曜日,木曜日,第1金曜日
,大字黒川（一部）,月曜日・木曜日,火曜日,第1木曜日
,大字黒川（一部）,火曜日・金曜日,木曜日,第1木曜日
,黒川西1～3丁目,火曜日・金曜日,木曜日,第1木曜日
,黒川東1～2丁目,火曜日・金曜日,木曜日,第1木曜日
,黄金町,火曜日・金曜日,月曜日,第2火曜日
,小松町,火曜日・金曜日,月曜日,第2水曜日
,小森江1～3丁目,火曜日・金曜日,木曜日,第1金曜日
,町名,家庭ごみの収集日,プラスチックの収集日,粗大ごみの収集日  （事前申込制）
さ,栄町,月曜日・木曜日,火曜日,第1木曜日
,大字猿喰,火曜日・金曜日,木曜日,第1月曜日
,寺内1～5丁目,火曜日・金曜日,木曜日,第2月曜日
,下二十町,火曜日・金曜日,月曜日,第2月曜日
,下馬寄,火曜日・金曜日,月曜日,第2水曜日
,社ノ木1～2丁目,火曜日・金曜日,月曜日,第2木曜日
,庄司町,月曜日・木曜日,火曜日,第1水曜日
,大字白野江,火曜日・金曜日,木曜日,第1火曜日
,白野江1～4丁目,火曜日・金曜日,木曜日,第1火曜日
,城山町,火曜日・金曜日,木曜日,第2月曜日
,新開,火曜日・金曜日,木曜日,第1火曜日
,新原町,火曜日・金曜日,月曜日,第2水曜日
,新門司1～3丁目,火曜日・金曜日,木曜日,第1月曜日
,新門司北1～3丁目,火曜日・金曜日,木曜日,第1月曜日
,瀬戸町,火曜日・金曜日,木曜日,第1水曜日
,町名,家庭ごみの収集日,プラスチックの収集日,粗大ごみの収集日  （事前申込制）
た,大字大里（一部）,火曜日・金曜日,月曜日,第2月曜日
,大字大里（一部）,火曜日・金曜日,木曜日,第2月曜日
,大里桜ケ丘,火曜日・金曜日,木曜日,第2月曜日
,大里新町,火曜日・金曜日,月曜日,第2火曜日
,大里戸ノ上1丁目,火曜日・金曜日,月曜日,第2火曜日
,大里戸ノ上2～4丁目,火曜日・金曜日,木曜日,第2火曜日
,大里原町,火曜日・金曜日,月曜日,第2水曜日
,大里東1丁目,火曜日・金曜日,月曜日,第1金曜日
,大里東2～5丁目,火曜日・金曜日,木曜日,第1金曜日
,大里東口,火曜日・金曜日,月曜日,第2火曜日
,大里本町1～3丁目,火曜日・金曜日,月曜日,第2火曜日
,大里桃山町,火曜日・金曜日,月曜日,第2水曜日
,高砂町,火曜日・金曜日,木曜日,第1木曜日
,高田1～2丁目,火曜日・金曜日,月曜日,第2火曜日
,太刀浦海岸,火曜日・金曜日,木曜日,第1火曜日
,谷町1～2丁目,月曜日・木曜日,火曜日,第1水曜日
,大字田野浦,火曜日・金曜日,木曜日,第1火曜日
,田野浦1～3丁目,火曜日・金曜日,木曜日,第1火曜日
,田野浦海岸,火曜日・金曜日,木曜日,第1火曜日
,大字恒見,火曜日・金曜日,木曜日,第1月曜日
,恒見町,火曜日・金曜日,木曜日,第1月曜日
,町名,家庭ごみの収集日,プラスチックの収集日,粗大ごみの収集日  （事前申込制）
な,永黒1～2丁目,火曜日・金曜日,木曜日,第2月曜日
,長谷1～2丁目,月曜日・木曜日,火曜日,第1木曜日
,中二十町,火曜日・金曜日,木曜日,第2月曜日
,中町,火曜日・金曜日,月曜日,第2火曜日
,鳴竹1丁目（一部）,月曜日・木曜日,火曜日,第1火曜日
,鳴竹1丁目（一部）,火曜日・金曜日,木曜日,第1火曜日
,鳴竹2丁目,火曜日・金曜日,木曜日,第1火曜日
,西海岸1～3丁目,月曜日・木曜日,火曜日,第1木曜日
,錦町,月曜日・木曜日,火曜日,第1木曜日
,西新町1～2丁目,火曜日・金曜日,月曜日,第2木曜日
,町名,家庭ごみの収集日,プラスチックの収集日,粗大ごみの収集日  （事前申込制）
は,大字畑（一部）,月曜日・木曜日,火曜日,第1月曜日
,大字畑（一部）,火曜日・金曜日,木曜日,第1月曜日
,畑田町,月曜日・木曜日,火曜日,第1水曜日
,浜町,月曜日・木曜日,火曜日,第1水曜日
,羽山1～2丁目,火曜日・金曜日,木曜日,第1金曜日
,原町別院,火曜日・金曜日,月曜日,第2水曜日
,東新町1～2丁目,火曜日・金曜日,月曜日,第2木曜日
,東本町1～2丁目,月曜日・木曜日,火曜日,第1水曜日
,東馬寄,火曜日・金曜日,月曜日,第2水曜日
,東港町,月曜日・木曜日,火曜日,第1水曜日
,東門司1～2丁目,月曜日・木曜日,火曜日,第1水曜日
,光町1～2丁目,火曜日・金曜日,月曜日,第2木曜日
,大字柄杓田,火曜日・金曜日,木曜日,第1月曜日
,柄杓田町,火曜日・金曜日,木曜日,第1月曜日
,広石1～2丁目,火曜日・金曜日,木曜日,第1木曜日
,藤松1～3丁目,火曜日・金曜日,月曜日,第2木曜日
,二タ松町,火曜日・金曜日,木曜日,第1金曜日
,不老町1～2丁目,火曜日・金曜日,月曜日,第2火曜日
,別院,火曜日・金曜日,月曜日,第2水曜日
,法師庵,月曜日・木曜日,火曜日,第1水曜日
,本町,月曜日・木曜日,火曜日,第1木曜日
,町名,家庭ごみの収集日,プラスチックの収集日,粗大ごみの収集日  （事前申込制）
ま,松崎町,火曜日・金曜日,木曜日,第2月曜日
,松原1～3丁目,火曜日・金曜日,月曜日,第2火曜日
,丸山1丁目,月曜日・木曜日,火曜日,第1木曜日
,丸山2丁目（一部）,月曜日・木曜日,火曜日,第1木曜日
,丸山2丁目（一部）,火曜日・金曜日,木曜日,第1木曜日
,丸山3～4丁目,月曜日・木曜日,火曜日,第1木曜日
,丸山吉野町,火曜日・金曜日,木曜日,第1木曜日
,緑ケ丘,火曜日・金曜日,月曜日,第2水曜日
,港町,月曜日・木曜日,火曜日,第1木曜日
,南本町,火曜日・金曜日,木曜日,第1金曜日
,大字門司,月曜日・木曜日,火曜日,第1水曜日
,元清滝,火曜日・金曜日,木曜日,第1木曜日
,桃山台,火曜日・金曜日,月曜日,第2月曜日
,町名,家庭ごみの収集日,プラスチックの収集日,粗大ごみの収集日  （事前申込制）
や,柳原町,火曜日・金曜日,月曜日,第2水曜日
,柳町1～4丁目,火曜日・金曜日,月曜日,第2火曜日
,矢筈町,火曜日・金曜日,木曜日,第1金曜日
あ,青葉1～2丁目,月曜日・木曜日,火曜日,第4水曜日
,赤坂1～5丁目,月曜日・木曜日,金曜日,第2金曜日
,浅野1～3丁目,火曜日・金曜日,月曜日,第4月曜日
,朝日ケ丘,火曜日・金曜日,月曜日,第4金曜日
,大字足原,月曜日・木曜日,金曜日,第3火曜日
,足原1～2丁目,月曜日・木曜日,火曜日,第3火曜日
,愛宕1～2丁目,月曜日・木曜日,火曜日,第4水曜日
,足立1～3丁目,月曜日・木曜日,金曜日,第3火曜日
,泉台1～4丁目,月曜日・木曜日,火曜日,第1水曜日
,板櫃町,月曜日・木曜日,火曜日,第4金曜日
,井堀1～5丁目,火曜日・金曜日,月曜日,第4金曜日
,今町1～3丁目,火曜日・金曜日,木曜日,第1木曜日
,鋳物師町,月曜日・木曜日,火曜日,第4水曜日
,魚町1～4丁目,火曜日・金曜日,月曜日,第4月曜日
,宇佐町1～2丁目,火曜日・金曜日,月曜日,第3金曜日
,江南町,火曜日・金曜日,月曜日,第4月曜日
,大田町,月曜日・木曜日,金曜日,第3金曜日
,大手町,月曜日・木曜日,金曜日,第4火曜日
,大畠1～3丁目,月曜日・木曜日,金曜日,第3月曜日
,町名,家庭ごみの収集日,プラスチックの収集日,粗大ごみの収集日  （事前申込制）
か,鍛冶町1～2丁目,火曜日・金曜日,月曜日,第4月曜日
,片野1～5丁目,火曜日・金曜日,月曜日,第3木曜日
,片野新町1～3丁目,火曜日・金曜日,木曜日,第3水曜日
,金田1～2丁目,月曜日・木曜日,金曜日,第4水曜日
,金田3丁目,月曜日・木曜日,火曜日,第4水曜日
,上到津1丁目,火曜日・金曜日,月曜日,第1月曜日
,上到津2丁目（1番）,月曜日・木曜日,火曜日,第1月曜日
,上到津2丁目（1番を除く）,火曜日・金曜日,月曜日,第1月曜日
,上到津3～4丁目,火曜日・金曜日,月曜日,第1月曜日
,上富野1～5丁目,月曜日・木曜日,金曜日,第2金曜日
,香春口1丁目,月曜日・木曜日,金曜日,第4火曜日
,香春口2丁目,火曜日・金曜日,月曜日,第4火曜日
,神岳1～2丁目,月曜日・木曜日,金曜日,第3金曜日
,貴船町,月曜日・木曜日,金曜日,第3木曜日
,木町1丁目,月曜日・木曜日,金曜日,第1火曜日
,木町2～3丁目,月曜日・木曜日,火曜日,第1火曜日
,木町4丁目,月曜日・木曜日,金曜日,第1火曜日
,京町1～4丁目,火曜日・金曜日,月曜日,第4月曜日
,清水1～5丁目,月曜日・木曜日,火曜日,第1火曜日
,霧ケ丘1～3丁目,月曜日・木曜日,火曜日,第3火曜日
,金鶏町,月曜日・木曜日,火曜日,第1月曜日
,熊谷1～5丁目,火曜日・金曜日,木曜日,第1木曜日
,熊本1～4丁目,月曜日・木曜日,火曜日,第3金曜日
,黒住町,火曜日・金曜日,木曜日,第3水曜日
,黒原1～3丁目,月曜日・木曜日,火曜日,第3火曜日
,黄金1丁目,月曜日・木曜日,金曜日,第3木曜日
,黄金2丁目,月曜日・木曜日,火曜日,第3木曜日
,米町1～2丁目,火曜日・金曜日,月曜日,第4月曜日
,小文字1～2丁目,月曜日・木曜日,金曜日,第3月曜日
,紺屋町,火曜日・金曜日,月曜日,第4月曜日
,町名,家庭ごみの収集日,プラスチックの収集日,粗大ごみの収集日  （事前申込制）
さ,菜園場1～2丁目,月曜日・木曜日,火曜日,第4水曜日
,堺町1～2丁目,火曜日・金曜日,月曜日,第4月曜日
,三郎丸1～2丁目,火曜日・金曜日,木曜日,第3水曜日
,三郎丸3丁目,火曜日・金曜日,月曜日,第3水曜日
,皿山町,月曜日・木曜日,火曜日,第1火曜日
,山門町,月曜日・木曜日,金曜日,第3火曜日
,重住三丁目,火曜日・金曜日,木曜日,第3水曜日
,篠崎1丁目（1～6番）,月曜日・木曜日,火曜日,第1水曜日
,篠崎1丁目（7～10番）,火曜日・金曜日,木曜日,第1水曜日
,篠崎2～5丁目,火曜日・金曜日,木曜日,第1水曜日
,下到津1丁目,月曜日・木曜日,火曜日,第1月曜日
,下到津2～3丁目,火曜日・金曜日,月曜日,第1月曜日
,下到津4～5丁目,月曜日・木曜日,火曜日,第1月曜日
,下富野1～5丁目,月曜日・木曜日,金曜日,第3月曜日
,寿山町,月曜日・木曜日,金曜日,第3火曜日
,城内,月曜日・木曜日,金曜日,第4水曜日
,城野団地,火曜日・金曜日,木曜日,第3水曜日
,昭和町,月曜日・木曜日,金曜日,第4火曜日
,白銀1丁目,月曜日・木曜日,金曜日,第4火曜日
,白銀2丁目,月曜日・木曜日,火曜日,第4火曜日
,白萩町,火曜日・金曜日,月曜日,第4金曜日
,神幸町,月曜日・木曜日,金曜日,第3月曜日
,新高田1～2丁目,月曜日・木曜日,火曜日,第1水曜日
,親和町,火曜日・金曜日,月曜日,第4水曜日
,末広1～2丁目,月曜日・木曜日,金曜日,第4月曜日
,須賀町,月曜日・木曜日,金曜日,第2金曜日
,砂津1～3丁目,月曜日・木曜日,金曜日,第4月曜日
,船頭町,火曜日・金曜日,月曜日,第4月曜日
,船場町,火曜日・金曜日,月曜日,第4月曜日
,町名,家庭ごみの収集日,プラスチックの収集日,粗大ごみの収集日  （事前申込制）
た,大門1～2丁目,月曜日・木曜日,金曜日,第4水曜日
,高尾1丁目,月曜日・木曜日,火曜日,第1水曜日
,高尾2丁目,火曜日・金曜日,木曜日,第1水曜日
,高浜1～2丁目,月曜日・木曜日,金曜日,第2金曜日
,高坊1～2丁目,火曜日・金曜日,木曜日,第3水曜日
,高見台,火曜日・金曜日,月曜日,第4木曜日
,高峰町,火曜日・金曜日,月曜日,第4金曜日
,竪林町,月曜日・木曜日,火曜日,第1火曜日
,竪町1～2丁目,月曜日・木曜日,金曜日,第4水曜日
,田町,月曜日・木曜日,金曜日,第4水曜日
,常盤町,月曜日・木曜日,金曜日,第3月曜日
,大字富野,月曜日・木曜日,金曜日,第2金曜日
,富野台,月曜日・木曜日,金曜日,第2金曜日
,町名,家庭ごみの収集日,プラスチックの収集日,粗大ごみの収集日  （事前申込制）
な,中井1～5丁目,火曜日・金曜日,月曜日,第4木曜日
,中井口（一部）,月曜日・木曜日,火曜日,第4木曜日
,中井口（一部）,火曜日・金曜日,月曜日,第4木曜日
,中井浜,火曜日・金曜日,月曜日,第4水曜日
,中島1～2丁目,月曜日・木曜日,金曜日,第4火曜日
,中津口1～2丁目,火曜日・金曜日,月曜日,第4月曜日
,長浜町,月曜日・木曜日,金曜日,第4月曜日
,西港町（一部）,月曜日・木曜日,火曜日,第4水曜日
,西港町（一部）,火曜日・金曜日,月曜日,第4水曜日
,町名,家庭ごみの収集日,プラスチックの収集日,粗大ごみの収集日  （事前申込制）
は,萩崎町,火曜日・金曜日,月曜日,第4月曜日
,馬借1丁目（13・16番）,月曜日・木曜日,金曜日,第4火曜日
,馬借1丁目（13・16番を除く）,火曜日・金曜日,月曜日,第4火曜日
,馬借2丁目 （3・4・7番の一部）,月曜日・木曜日,金曜日,第4火曜日
,馬借2丁目（ 3・4・7番の一部を除く）,火曜日・金曜日,月曜日,第4火曜日
,馬借3丁目,火曜日・金曜日,月曜日,第4火曜日
,原町1～2丁目,月曜日・木曜日,金曜日,第1火曜日
,日明1～5丁目,月曜日・木曜日,火曜日,第4木曜日
,東篠崎1丁目（24・25番）,火曜日・金曜日,木曜日,第3木曜日
,東篠崎1丁目（24・25番を除く）,月曜日・木曜日,火曜日,第3木曜日
,東篠崎2丁目,火曜日・金曜日,木曜日,第3木曜日
,東篠崎3丁目,月曜日・木曜日,火曜日,第3木曜日
,東城野町,火曜日・金曜日,木曜日,第3水曜日
,東港1～2丁目,月曜日・木曜日,火曜日,第4水曜日
,平松町,月曜日・木曜日,火曜日,第4水曜日
,古船場町,火曜日・金曜日,月曜日,第4月曜日
,弁天町,月曜日・木曜日,火曜日,第1火曜日
,町名,家庭ごみの収集日,プラスチックの収集日,粗大ごみの収集日  （事前申込制）
ま,真鶴1～2丁目,月曜日・木曜日,火曜日,第1月曜日
,緑ケ丘1～3丁目,月曜日・木曜日,火曜日,第4金曜日
,南丘1～3丁目,火曜日・金曜日,木曜日,第1木曜日
,三萩野1～3丁目,火曜日・金曜日,月曜日,第3金曜日
,都1～2丁目,火曜日・金曜日,月曜日,第1月曜日
,妙見町,月曜日・木曜日,金曜日,第3火曜日
,室町1～3丁目,月曜日・木曜日,金曜日,第4水曜日
,明和町,火曜日・金曜日,月曜日,第3金曜日
,町名,家庭ごみの収集日,プラスチックの収集日,粗大ごみの収集日  （事前申込制）
よ,吉野町,月曜日・木曜日,金曜日,第4火曜日
,町名,家庭ごみの収集日,プラスチックの収集日,粗大ごみの収集日  （事前申込制）
わ,若富士町,火曜日・金曜日,木曜日,第3水曜日
あ,安部山,月曜日・木曜日,火曜日,第3金曜日
,大字石田,火曜日・金曜日,月曜日,第3月曜日
,石田町,月曜日・木曜日,金曜日,第3水曜日
,石田南1～3丁目,月曜日・木曜日,金曜日,第3月曜日
,大字石原町,月曜日・木曜日,金曜日,第2水曜日
,大字市丸,月曜日・木曜日,金曜日,第2水曜日
,大字井手浦,月曜日・木曜日,金曜日,第2水曜日
,大字合馬,月曜日・木曜日,金曜日,第2水曜日
,大字長行（一部）,月曜日・木曜日,金曜日,第2火曜日
,大字長行（一部）,火曜日・金曜日,月曜日,第2火曜日
,長行西1～5丁目,火曜日・金曜日,月曜日,第2火曜日
,長行東1～3丁目,火曜日・金曜日,月曜日,第2火曜日
,町名,家庭ごみの収集日,プラスチックの収集日,粗大ごみの収集日  （事前申込制）
か,大字頂吉,月曜日・木曜日,金曜日,第2水曜日
,隠蓑,月曜日・木曜日,金曜日,第3水曜日
,大字隠蓑,月曜日・木曜日,金曜日,第3水曜日
,上石田1～4丁目,月曜日・木曜日,金曜日,第3水曜日
,上葛原1～2丁目,月曜日・木曜日,火曜日,第3金曜日
,上曽根1～5丁目,月曜日・木曜日,金曜日,第4金曜日
,上曽根新町,月曜日・木曜日,金曜日,第4金曜日
,上貫1～3丁目,月曜日・木曜日,金曜日,第4木曜日
,上吉田1～6丁目,月曜日・木曜日,火曜日,第4火曜日
,蒲生1～5丁目,火曜日・金曜日,月曜日,第1金曜日
,企救丘1～3丁目,月曜日・木曜日,金曜日,第2木曜日
,企救丘4丁目（一部）,月曜日・木曜日,金曜日,第2木曜日
,企救丘4丁目（一部）,火曜日・金曜日,木曜日,第2木曜日
,企救丘5～6丁目,火曜日・金曜日,木曜日,第2木曜日
,北方1丁目（一部）,月曜日・木曜日,木曜日,第1金曜日
,北方1丁目（一部）,火曜日・金曜日,木曜日,第1金曜日
,北方2～5丁目,火曜日・金曜日,木曜日,第1金曜日
,大字木下,月曜日・木曜日,金曜日,第2水曜日
,大字朽網,月曜日・木曜日,金曜日,第4金曜日
,朽網西1～6丁目,月曜日・木曜日,金曜日,第4金曜日
,朽網東1～6丁目,月曜日・木曜日,金曜日,第4金曜日
,葛原1～5丁目,月曜日・木曜日,火曜日,第3金曜日
,葛原高松1～2丁目,月曜日・木曜日,火曜日,第3金曜日
,葛原東1～6丁目,月曜日・木曜日,金曜日,第4月曜日
,葛原本町1丁目（一部）,月曜日・木曜日,火曜日,第3金曜日
,葛原本町1丁目（一部）,月曜日・木曜日,金曜日,第3金曜日
,葛原本町2～5丁目,月曜日・木曜日,火曜日,第3金曜日
,葛原本町6丁目,月曜日・木曜日,金曜日,第3金曜日
,葛原元町1丁目,月曜日・木曜日,金曜日,第3金曜日
,葛原元町2丁目,月曜日・木曜日,金曜日,第3金曜日
,葛原元町3丁目,月曜日・木曜日,金曜日,第3金曜日
,大字小森,月曜日・木曜日,金曜日,第2水曜日
,町名,家庭ごみの収集日,プラスチックの収集日,粗大ごみの収集日  （事前申込制）
さ,大字志井（一部）,月曜日・木曜日,金曜日,第2火曜日
,大字志井（一部）,火曜日・金曜日,月曜日,第2火曜日
,志井1～6丁目,火曜日・金曜日,月曜日,第2金曜日
,志井公園,火曜日・金曜日,月曜日,第2金曜日
,志井鷹羽台,火曜日・金曜日,月曜日,第2火曜日
,重住1～2丁目,月曜日・木曜日,火曜日,第1金曜日
,志徳1～2丁目,火曜日・金曜日,木曜日,第2木曜日
,下石田1～3丁目,月曜日・木曜日,金曜日,第3水曜日
,下城野1～2丁目,月曜日・木曜日,火曜日,第1金曜日
,下城野3丁目（一部）,月曜日・木曜日,火曜日,第1金曜日
,下城野3丁目（一部）,火曜日・金曜日,木曜日,第1金曜日
,下曽根1～4丁目,月曜日・木曜日,金曜日,第4水曜日
,下曽根新町,月曜日・木曜日,金曜日,第4水曜日
,下貫1～4丁目,月曜日・木曜日,金曜日,第4木曜日
,下南方1～2丁目,火曜日・金曜日,月曜日,第2月曜日
,下吉田1～4丁目,火曜日・金曜日,木曜日,第4火曜日
,城野1～4丁目,月曜日・木曜日,火曜日,第1金曜日
,新曽根,月曜日・木曜日,金曜日,第4月曜日
,大字新道寺,月曜日・木曜日,金曜日,第2水曜日
,星和台1丁目,火曜日・金曜日,木曜日,第3火曜日
,星和台2丁目（一部）,月曜日・木曜日,木曜日,第3火曜日
,星和台2丁目（一部）,火曜日・金曜日,木曜日,第3火曜日
,大字曽根,月曜日・木曜日,金曜日,第4水曜日
,曽根北町,月曜日・木曜日,金曜日,第4水曜日
,大字曽根新田,月曜日・木曜日,金曜日,第4金曜日
,曽根新田北1～2丁目,月曜日・木曜日,金曜日,第4水曜日
,曽根新田北3～5・7丁目,月曜日・木曜日,金曜日,第4金曜日
,曽根新田南1丁目,月曜日・木曜日,金曜日,第4水曜日
,曽根新田南2～4丁目,月曜日・木曜日,金曜日,第4金曜日
,町名,家庭ごみの収集日,プラスチックの収集日,粗大ごみの収集日  （事前申込制）
た,大字高津尾,月曜日・木曜日,金曜日,第2火曜日
,高野1～6丁目,火曜日・金曜日,月曜日,第2火曜日
,大字田代,月曜日・木曜日,金曜日,第2水曜日
,田原1～5丁目,月曜日・木曜日,金曜日,第4木曜日
,田原新町1～3丁目,月曜日・木曜日,金曜日,第4水曜日
,大字辻三,月曜日・木曜日,金曜日,第2水曜日
,津田1～5丁目,月曜日・木曜日,金曜日,第4水曜日
,津田新町1～4丁目,月曜日・木曜日,金曜日,第4月曜日
,津田南町,月曜日・木曜日,金曜日,第4月曜日
,大字道原,月曜日・木曜日,金曜日,第2水曜日
,大字徳吉,月曜日・木曜日,金曜日,第2火曜日
,徳吉西1～3丁目,火曜日・金曜日,月曜日,第2火曜日
,徳吉東1～5丁目,火曜日・金曜日,月曜日,第2火曜日
,徳吉南1～2丁目,月曜日・木曜日,金曜日,第2火曜日
,徳吉南3丁目（一部）,月曜日・木曜日,金曜日,第2火曜日
,徳吉南3丁目（一部）,火曜日・金曜日,月曜日,第2火曜日
,徳吉南4丁目,月曜日・木曜日,金曜日,第2火曜日
,徳力1・6丁目,火曜日・金曜日,月曜日,第2月曜日
,徳力2丁目,火曜日・金曜日,月曜日,第2木曜日
,徳力3・4・5・7丁目,火曜日・金曜日,月曜日,第2金曜日
,徳力新町1～2丁目,火曜日・金曜日,月曜日,第2月曜日
,徳力団地,火曜日・金曜日,月曜日,第2月曜日
,町名,家庭ごみの収集日,プラスチックの収集日,粗大ごみの収集日  （事前申込制）
な,長尾1～6丁目,火曜日・金曜日,月曜日,第2火曜日
,中曽根1～6丁目,月曜日・木曜日,金曜日,第4水曜日
,中曽根新町,月曜日・木曜日,金曜日,第4水曜日
,中曽根東1～6丁目,月曜日・木曜日,金曜日,第4水曜日
,中貫1～2丁目,月曜日・木曜日,金曜日,第4木曜日
,中貫本町,月曜日・木曜日,金曜日,第4木曜日
,大字長野,月曜日・木曜日,金曜日,第4月曜日
,長野1～3丁目,月曜日・木曜日,金曜日,第4月曜日
,長野東町,月曜日・木曜日,金曜日,第4月曜日
,長野本町1～4丁目,月曜日・木曜日,金曜日,第4月曜日
,中吉田1～4丁目,月曜日・木曜日,火曜日,第4火曜日
,中吉田5丁目（一部）,月曜日・木曜日,火曜日,第4火曜日
,中吉田5丁目（一部）,火曜日・金曜日,木曜日,第4火曜日
,中吉田6丁目,月曜日・木曜日,火曜日,第4火曜日
,西貫1～2丁目,月曜日・木曜日,金曜日,第4木曜日
,西水町,月曜日・木曜日,火曜日,第1金曜日
,蜷田若園1～3丁目,月曜日・木曜日,火曜日,第3木曜日
,大字貫,月曜日・木曜日,金曜日,第4木曜日
,貫弥生が丘1～4丁目,月曜日・木曜日,金曜日,第4木曜日
,沼新町1～3丁目,月曜日・木曜日,火曜日,第4火曜日
,沼本町1～4丁目,月曜日・木曜日,火曜日,第4火曜日
,沼緑町1～5丁目,月曜日・木曜日,火曜日,第4月曜日
,沼南町1～3丁目,月曜日・木曜日,金曜日,第4月曜日
,,,,
,町名,家庭ごみの収集日,プラスチックの収集日,粗大ごみの収集日  （事前申込制）
は,八幡町,月曜日・木曜日,火曜日,第1金曜日
,葉山町1丁目（一部）,月曜日・木曜日,金曜日,第3火曜日
,葉山町1丁目（一部）,火曜日・金曜日,木曜日,第3火曜日
,葉山町2～3丁目,火曜日・金曜日,木曜日,第3火曜日
,春ケ丘（一部）,月曜日・木曜日,火曜日,第1金曜日
,春ケ丘（一部）,火曜日・金曜日,木曜日,第1金曜日
,大字春吉,月曜日・木曜日,金曜日,第2水曜日
,東貫1～3丁目,月曜日・木曜日,金曜日,第4木曜日
,東水町,月曜日・木曜日,火曜日,第1金曜日
,日の出町1～2丁目,火曜日・金曜日,木曜日,第3火曜日
,平尾台1～3丁目,月曜日・木曜日,金曜日,第2水曜日
,富士見1～3丁目,月曜日・木曜日,火曜日,第1金曜日
,大字堀越,火曜日・金曜日,月曜日,第3月曜日
,町名,家庭ごみの収集日,プラスチックの収集日,粗大ごみの収集日  （事前申込制）
ま,舞ケ丘1～6丁目,月曜日・木曜日,金曜日,第3水曜日
,大字南方,火曜日・金曜日,月曜日,第2月曜日
,南方1～5丁目,火曜日・金曜日,月曜日,第2月曜日
,南若園町,月曜日・木曜日,金曜日,第3火曜日
,大字母原,月曜日・木曜日,金曜日,第2火曜日
,守恒1～5丁目,火曜日・金曜日,木曜日,第3月曜日
,守恒本町1～3丁目,火曜日・金曜日,木曜日,第3月曜日
,町名,家庭ごみの収集日,プラスチックの収集日,粗大ごみの収集日  （事前申込制）
や,八重洲町,月曜日・木曜日,金曜日,第3水曜日
,山手1丁目,火曜日・金曜日,木曜日,第3月曜日
,山手2丁目（一部）,月曜日・木曜日,木曜日,第3月曜日
,山手2丁目（一部）,火曜日・金曜日,木曜日,第3月曜日
,山手3丁目,月曜日・木曜日,金曜日,第3月曜日
,大字山本,月曜日・木曜日,金曜日,第2水曜日
,湯川1～5丁目,月曜日・木曜日,火曜日,第3木曜日
,湯川新町1～4丁目,月曜日・木曜日,火曜日,第3木曜日
,大字横代,月曜日・木曜日,金曜日,第3水曜日
,横代北町1～5丁目,月曜日・木曜日,金曜日,第3水曜日
,横代葉山,月曜日・木曜日,金曜日,第3水曜日
,横代東町1～5丁目,月曜日・木曜日,金曜日,第3水曜日
,横代南町1～5丁目,月曜日・木曜日,金曜日,第3水曜日
,大字吉田,月曜日・木曜日,火曜日,第4火曜日
,吉田にれの木坂1～2丁目,月曜日・木曜日,火曜日,第4火曜日
,大字呼野,月曜日・木曜日,金曜日,第2水曜日
,町名,家庭ごみの収集日,プラスチックの収集日,粗大ごみの収集日  （事前申込制）
わ,若園1～5丁目,月曜日・木曜日,火曜日,第3火曜日
あ,青葉台西1～6丁目,火曜日・金曜日,月曜日,第1火曜日
,青葉台東1～2丁目,火曜日・金曜日,月曜日,第1火曜日
,青葉台南1～3丁目,火曜日・金曜日,月曜日,第1火曜日
,赤岩町,火曜日・金曜日,木曜日,第1木曜日
,赤崎町（一部）,月曜日・木曜日,金曜日,第2水曜日
,赤崎町（一部）,火曜日・金曜日,月曜日,第2水曜日
,赤島町,火曜日・金曜日,木曜日,第1金曜日
,大字蜑住,火曜日・金曜日,月曜日,第1水曜日
,大字有毛,火曜日・金曜日,月曜日,第1水曜日
,大字安瀬,火曜日・金曜日,月曜日,第2水曜日
,大字安屋,火曜日・金曜日,月曜日,第1水曜日
,今光1～3丁目,火曜日・金曜日,木曜日,第1金曜日
,栄盛川町（一部）,月曜日・木曜日,金曜日,第2火曜日
,栄盛川町（一部）,火曜日・金曜日,木曜日,第2火曜日
,老松1～2丁目,月曜日・木曜日,火曜日,第2火曜日
,大池町,火曜日・金曜日,木曜日,第1金曜日
,大井戸町（一部）,月曜日・木曜日,火曜日,第2火曜日
,大井戸町（一部）,火曜日・金曜日,木曜日,第2火曜日
,大谷町,火曜日・金曜日,木曜日,第2火曜日
,大字大鳥居,火曜日・金曜日,月曜日,第1火曜日
,大字小竹,火曜日・金曜日,月曜日,第1水曜日
,大字乙丸,火曜日・金曜日,月曜日,第1水曜日
,町名,家庭ごみの収集日,プラスチックの収集日,粗大ごみの収集日  （事前申込制）
か,片山1～3丁目,火曜日・金曜日,木曜日,第1木曜日
,上原町（一部）,月曜日・木曜日,金曜日,第2水曜日
,上原町（一部）,火曜日・金曜日,月曜日,第2水曜日
,上原町（一部）,火曜日・金曜日,木曜日,第2水曜日
,鴨生田1～4丁目,火曜日・金曜日,月曜日,第1水曜日
,北浜1～2丁目,月曜日・木曜日,火曜日,第2火曜日
,北湊町（一部）,月曜日・木曜日,金曜日,第2火曜日
,北湊町（一部）,月曜日・木曜日,火曜日,第2火曜日
,響南町,月曜日・木曜日,金曜日,第2水曜日
,くきのうみ中央,火曜日・金曜日,木曜日,第1金曜日
,久岐の浜,火曜日・金曜日,木曜日,第2月曜日
,大字小石,火曜日・金曜日,月曜日,第2水曜日
,小石本村町（一部）,月曜日・木曜日,金曜日,第2水曜日
,小石本村町（一部）,火曜日・金曜日,月曜日,第2水曜日
,小糸町,火曜日・金曜日,月曜日,第2水曜日
,大字小敷,火曜日・金曜日,月曜日,第1水曜日
,小敷ひびきの1～3丁目,火曜日・金曜日,月曜日,第1水曜日
,町名,家庭ごみの収集日,プラスチックの収集日,粗大ごみの収集日  （事前申込制）
さ,桜町,月曜日・木曜日,火曜日,第2火曜日
,迫田町,火曜日・金曜日,月曜日,第2水曜日
,大字塩屋,火曜日・金曜日,月曜日,第1水曜日
,塩屋1～4丁目,火曜日・金曜日,月曜日,第1水曜日
,下原町（一部）,月曜日・木曜日,金曜日,第2水曜日
,下原町（一部）,火曜日・金曜日,月曜日,第2水曜日
,新大谷町,火曜日・金曜日,木曜日,第2火曜日
,大字修多羅,火曜日・金曜日,木曜日,第2月曜日
,修多羅1～3丁目,火曜日・金曜日,木曜日,第2月曜日
,町名,家庭ごみの収集日,プラスチックの収集日,粗大ごみの収集日  （事前申込制）
た,大字高須,火曜日・金曜日,月曜日,第1月曜日
,高須北1～3丁目,火曜日・金曜日,月曜日,第1月曜日
,高須西1丁目,火曜日・金曜日,月曜日,第1月曜日
,高須西2丁目（1番）,月曜日・木曜日,金曜日,第1月曜日
,高須西2丁目（2～8番）,火曜日・金曜日,月曜日,第1月曜日
,高須東1～4丁目,月曜日・木曜日,火曜日,第1月曜日
,高須南1～5丁目,月曜日・木曜日,火曜日,第1月曜日
,大字竹並,火曜日・金曜日,月曜日,第1水曜日
,棚田町,火曜日・金曜日,月曜日,第2水曜日
,童子丸1～2丁目,火曜日・金曜日,木曜日,第1木曜日
,大字頓田,火曜日・金曜日,月曜日,第1水曜日
,町名,家庭ごみの収集日,プラスチックの収集日,粗大ごみの収集日  （事前申込制）
な,中川町,月曜日・木曜日,火曜日,第2月曜日
,中畑町,火曜日・金曜日,月曜日,第2水曜日
,波打町,月曜日・木曜日,金曜日,第2火曜日
,西小石町,月曜日・木曜日,金曜日,第2水曜日
,西園町（一部）,月曜日・木曜日,火曜日,第2火曜日
,西園町（一部）,火曜日・金曜日,木曜日,第2火曜日
,西天神町,火曜日・金曜日,木曜日,第1木曜日
,西畑町,火曜日・金曜日,木曜日,第2火曜日
,町名,家庭ごみの収集日,プラスチックの収集日,粗大ごみの収集日  （事前申込制）
は,白山1丁目（一部）,月曜日・木曜日,火曜日,第2月曜日
,白山1丁目（一部）,火曜日・金曜日,木曜日,第2月曜日
,白山2～3丁目,火曜日・金曜日,木曜日,第2月曜日
,大字畠田,火曜日・金曜日,月曜日,第1水曜日
,畠田1～2丁目,火曜日・金曜日,木曜日,第1水曜日
,畠田3丁目,火曜日・金曜日,月曜日,第1水曜日
,畑谷町,火曜日・金曜日,木曜日,第2火曜日
,花野路1～3丁目,火曜日・金曜日,月曜日,第1水曜日
,浜町1～3丁目,月曜日・木曜日,火曜日,第2月曜日
,大字払川,火曜日・金曜日,月曜日,第1水曜日
,原町,月曜日・木曜日,金曜日,第2水曜日
,東小石町,月曜日・木曜日,金曜日,第2水曜日
,東畑町,火曜日・金曜日,木曜日,第2火曜日
,東二島1～5丁目,火曜日・金曜日,木曜日,第1木曜日
,ひびきの,火曜日・金曜日,月曜日,第1水曜日
,ひびきの南1～2丁目,火曜日・金曜日,月曜日,第1水曜日
,響町1丁目,火曜日・金曜日,月曜日,第2水曜日
,深町1丁目（一部）,月曜日・木曜日,金曜日,第2火曜日
,深町1丁目（一部）,火曜日・金曜日,木曜日,第2火曜日
,深町2丁目（一部）,月曜日・木曜日,金曜日,第2火曜日
,深町2丁目（一部）,火曜日・金曜日,木曜日,第2火曜日
,藤ノ木1～3丁目,火曜日・金曜日,木曜日,第1金曜日
,大字二島,火曜日・金曜日,木曜日,第1木曜日
,二島1～6丁目,火曜日・金曜日,木曜日,第1木曜日
,古前1～2丁目,火曜日・金曜日,木曜日,第1金曜日
,本町1～3丁目,月曜日・木曜日,火曜日,第2月曜日
,町名,家庭ごみの収集日,プラスチックの収集日,粗大ごみの収集日  （事前申込制）
ま,南二島1・2・4丁目,火曜日・金曜日,木曜日,第1木曜日
,宮前町,火曜日・金曜日,月曜日,第2水曜日
,宮丸1～2丁目,火曜日・金曜日,木曜日,第1金曜日
,町名,家庭ごみの収集日,プラスチックの収集日,粗大ごみの収集日  （事前申込制）
や,山手町,火曜日・金曜日,木曜日,第2月曜日
,山ノ堂町,火曜日・金曜日,木曜日,第2火曜日
,百合野町,火曜日・金曜日,木曜日,第1金曜日
,用勺町,火曜日・金曜日,木曜日,第1金曜日
,町名,家庭ごみの収集日,プラスチックの収集日,粗大ごみの収集日  （事前申込制）
わ,和田町,火曜日・金曜日,木曜日,第1金曜日
あ,荒手1～2丁目,火曜日・金曜日,木曜日,第3木曜日
,荒生田1～3丁目,火曜日・金曜日,木曜日,第3金曜日
,石坪町,火曜日・金曜日,木曜日,第3水曜日
,猪倉町,火曜日・金曜日,木曜日,第4月曜日
,祝町1～2丁目,火曜日・金曜日,木曜日,第3金曜日
,枝光1～5丁目,火曜日・金曜日,木曜日,第3木曜日
,枝光本町,火曜日・金曜日,木曜日,第3木曜日
,大字大蔵,火曜日・金曜日,木曜日,第4月曜日
,大蔵1～3丁目,火曜日・金曜日,木曜日,第4月曜日
,大谷1～2丁目,火曜日・金曜日,木曜日,第4水曜日
,大平町,火曜日・金曜日,木曜日,第3水曜日
,大宮町,火曜日・金曜日,木曜日,第3木曜日
,大字尾倉,火曜日・金曜日,月曜日,第4水曜日
,尾倉1～3丁目,火曜日・金曜日,月曜日,第4火曜日
,町名,家庭ごみの収集日,プラスチックの収集日,粗大ごみの収集日  （事前申込制）
か,勝山1～2丁目,火曜日・金曜日,木曜日,第4月曜日
,上本町1～2丁目,火曜日・金曜日,木曜日,第3金曜日
,神山町,火曜日・金曜日,月曜日,第4水曜日
,河内1～3丁目,月曜日・木曜日,金曜日,第4月曜日
,川淵町,火曜日・金曜日,木曜日,第3水曜日
,祇園1～4丁目,火曜日・金曜日,月曜日,第4水曜日
,祇園原町,火曜日・金曜日,月曜日,第4水曜日
,清田1丁目(一部）,火曜日・金曜日,月曜日,第3水曜日
,清田1丁目（一部）,火曜日・金曜日,木曜日,第3水曜日
,清田2～4丁目,火曜日・金曜日,月曜日,第3水曜日
,景勝町,火曜日・金曜日,木曜日,第4月曜日
,大字小熊野,火曜日・金曜日,月曜日,第3水曜日
,町名,家庭ごみの収集日,プラスチックの収集日,粗大ごみの収集日  （事前申込制）
さ,山路1～2丁目,火曜日・金曜日,木曜日,第3水曜日
,山路1丁目（一部）,火曜日・金曜日,月曜日,第3水曜日
,山路松尾町,火曜日・金曜日,月曜日,第3水曜日
,山王1～4丁目,火曜日・金曜日,木曜日,第3金曜日
,昭和1～2丁目,火曜日・金曜日,木曜日,第3水曜日
,昭和3丁目,火曜日・金曜日,月曜日,第3水曜日
,白川町,火曜日・金曜日,木曜日,第3木曜日
,末広町,火曜日・金曜日,木曜日,第4月曜日
,諏訪1～2丁目,火曜日・金曜日,木曜日,第3木曜日
,町名,家庭ごみの収集日,プラスチックの収集日,粗大ごみの収集日  （事前申込制）
た,高見1～5丁目,火曜日・金曜日,木曜日,第3金曜日
,竹下町,火曜日・金曜日,木曜日,第3水曜日
,田代町,月曜日・木曜日,金曜日,第4月曜日
,茶屋町,火曜日・金曜日,木曜日,第3水曜日
,中央1～3丁目,火曜日・金曜日,木曜日,第4月曜日
,槻田1～2丁目,火曜日・金曜日,月曜日,第3水曜日
,天神町,火曜日・金曜日,月曜日,第4水曜日
,町名,家庭ごみの収集日,プラスチックの収集日,粗大ごみの収集日  （事前申込制）
な,中尾1～3丁目,火曜日・金曜日,木曜日,第3金曜日
,中畑1～2丁目,火曜日・金曜日,木曜日,第3水曜日
,西台良町,火曜日・金曜日,月曜日,第4水曜日
,西本町1～4丁目,火曜日・金曜日,月曜日,第4火曜日
,西丸山町,火曜日・金曜日,木曜日,第4月曜日
,町名,家庭ごみの収集日,プラスチックの収集日,粗大ごみの収集日  （事前申込制）
は,羽衣町,火曜日・金曜日,木曜日,第4月曜日
,八王寺町,火曜日・金曜日,木曜日,第3金曜日
,花尾町,火曜日・金曜日,月曜日,第4水曜日
,春の町1～5丁目,火曜日・金曜日,月曜日,第4火曜日
,東田1～5丁目,火曜日・金曜日,木曜日,第3木曜日
,東台良町,火曜日・金曜日,月曜日,第4水曜日
,東鉄町,火曜日・金曜日,木曜日,第3金曜日
,東丸山町,火曜日・金曜日,木曜日,第4月曜日
,東山1～2丁目,火曜日・金曜日,木曜日,第3金曜日
,日の出1～3丁目,火曜日・金曜日,木曜日,第3木曜日
,平野1～3丁目,火曜日・金曜日,月曜日,第4火曜日
,藤見町,火曜日・金曜日,木曜日,第3金曜日
,帆柱1～5丁目,火曜日・金曜日,月曜日,第4水曜日
,町名,家庭ごみの収集日,プラスチックの収集日,粗大ごみの収集日  （事前申込制）
ま,大字前田,火曜日・金曜日,月曜日,第4水曜日
,前田1～3丁目,火曜日・金曜日,月曜日,第4火曜日
,松尾町,火曜日・金曜日,月曜日,第3水曜日
,宮田町,火曜日・金曜日,木曜日,第3木曜日
,宮の町1～2丁目,火曜日・金曜日,木曜日,第3金曜日
,桃園1～4丁目,火曜日・金曜日,月曜日,第4水曜日
,桃園3～4丁目（一部）,火曜日・金曜日,火曜日,第4水曜日
,町名,家庭ごみの収集日,プラスチックの収集日,粗大ごみの収集日  （事前申込制）
ゆ,豊町,火曜日・金曜日,木曜日,第4月曜日
あ,相生町,月曜日・木曜日,火曜日,第3水曜日
,青山1～3丁目,月曜日・木曜日,火曜日,第1木曜日
,大字浅川,月曜日・木曜日,金曜日,第4金曜日
,浅川1～2丁目,月曜日・木曜日,金曜日,第4金曜日
,浅川学園台1～2丁目,月曜日・木曜日,金曜日,第4金曜日
,浅川学園台3～4丁目,月曜日・木曜日,金曜日,第4木曜日
,浅川台1～3丁目,月曜日・木曜日,金曜日,第4金曜日
,浅川日の峯1～4丁目,月曜日・木曜日,金曜日,第4金曜日
,浅川町,月曜日・木曜日,金曜日,第2木曜日
,大字穴生,月曜日・木曜日,金曜日,第3火曜日
,穴生1～4丁目,月曜日・木曜日,火曜日,第1金曜日
,池田1～3丁目,火曜日・金曜日,月曜日,第4木曜日
,石坂1～3丁目,火曜日・金曜日,月曜日,第4火曜日
,泉ケ浦1～3丁目,月曜日・木曜日,金曜日,第2金曜日
,医生ケ丘,月曜日・木曜日,金曜日,第2木曜日
,市瀬1～3丁目,月曜日・木曜日,火曜日,第3水曜日
,岩崎1～4丁目,火曜日・金曜日,月曜日,第4水曜日
,上の原1～4丁目,月曜日・木曜日,金曜日,第3木曜日
,大字永犬丸,月曜日・木曜日,金曜日,第3月曜日
,永犬丸1～5丁目,月曜日・木曜日,金曜日,第3月曜日
,永犬丸西町1～4丁目,月曜日・木曜日,金曜日,第3月曜日
,永犬丸東町1～3丁目,月曜日・木曜日,金曜日,第3火曜日
,永犬丸南町1～5丁目,月曜日・木曜日,金曜日,第3月曜日
,大浦1～3丁目,月曜日・木曜日,金曜日,第2木曜日
,大畑町,月曜日・木曜日,火曜日,第1火曜日
,大平1丁目,月曜日・木曜日,金曜日,第4月曜日
,大平2丁目（一部）,月曜日・木曜日,金曜日,第4月曜日
,大平2丁目（一部）,火曜日・金曜日,月曜日,第4月曜日
,大平3丁目,火曜日・金曜日,月曜日,第4月曜日
,大平台,月曜日・木曜日,金曜日,第3金曜日
,岡田町,月曜日・木曜日,火曜日,第1水曜日
,沖田1～5丁目,月曜日・木曜日,金曜日,第3火曜日
,御開1～5丁目,月曜日・木曜日,火曜日,第2月曜日
,折尾1～5丁目,月曜日・木曜日,金曜日,第2水曜日
,町名,家庭ごみの収集日,プラスチックの収集日,粗大ごみの収集日  （事前申込制）
か,春日台1～6丁目,月曜日・木曜日,金曜日,第3金曜日
,香月中央1～5丁目,火曜日・金曜日,月曜日,第4火曜日
,香月西1～4丁目,火曜日・金曜日,月曜日,第4水曜日
,上香月1～4丁目,火曜日・金曜日,月曜日,第4火曜日
,上上津役1～6丁目,月曜日・木曜日,火曜日,第3木曜日
,岸の浦1～2丁目,月曜日・木曜日,火曜日,第1水曜日
,北鷹見町,月曜日・木曜日,金曜日,第2水曜日
,吉祥寺町,火曜日・金曜日,月曜日,第4火曜日
,貴船台,月曜日・木曜日,火曜日,第2火曜日
,京良城町,月曜日・木曜日,火曜日,第1火曜日
,楠北1～3丁目,火曜日・金曜日,月曜日,第4水曜日
,楠木1～2丁目,月曜日・木曜日,金曜日,第2火曜日
,大字楠橋,火曜日・金曜日,月曜日,第4水曜日
,楠橋上方1～2丁目,火曜日・金曜日,月曜日,第4水曜日
,楠橋下方1～3丁目,火曜日・金曜日,月曜日,第4水曜日
,楠橋西1～3丁目,火曜日・金曜日,月曜日,第4水曜日
,楠橋東1～2丁目,火曜日・金曜日,月曜日,第4木曜日
,楠橋南1～2丁目,火曜日・金曜日,月曜日,第4木曜日
,楠橋南3丁目,火曜日・金曜日,木曜日,第4木曜日
,熊手1～3丁目,火曜日・金曜日,月曜日,第1火曜日
,熊西1～2丁目,月曜日・木曜日,火曜日,第1木曜日
,黒崎1～5丁目,火曜日・金曜日,月曜日,第1月曜日
,黒崎城石,火曜日・金曜日,月曜日,第1月曜日
,皇后崎町,月曜日・木曜日,火曜日,第1木曜日
,河桃町,月曜日・木曜日,火曜日,第1火曜日
,紅梅1～2丁目,火曜日・金曜日,月曜日,第1月曜日
,紅梅3～4丁目,月曜日・木曜日,火曜日,第1月曜日
,光明1～2丁目,月曜日・木曜日,金曜日,第2火曜日
,小鷺田町,月曜日・木曜日,火曜日,第1水曜日
,大字小嶺,月曜日・木曜日,火曜日,第4月曜日
,小嶺1丁目,火曜日・金曜日,月曜日,第4月曜日
,小嶺2丁目（一部）,月曜日・木曜日,火曜日,第4月曜日
,小嶺2丁目（一部）,火曜日・金曜日,月曜日,第4月曜日
,小嶺3丁目,月曜日・木曜日,火曜日,第4月曜日
,小嶺台1～4丁目,火曜日・金曜日,月曜日,第4月曜日
,大字木屋瀬,火曜日・金曜日,月曜日,第4金曜日
,木屋瀬1～5丁目,火曜日・金曜日,月曜日,第4金曜日
,木屋瀬東1丁目（一部）,火曜日・金曜日,月曜日,第4金曜日
,木屋瀬東1丁目（一部）,火曜日・金曜日,木曜日,第4金曜日
,木屋瀬東2～4丁目,火曜日・金曜日,木曜日,第4金曜日
,大字金剛,火曜日・金曜日,木曜日,第4木曜日
,金剛1～4丁目,火曜日・金曜日,木曜日,第4木曜日
,町名,家庭ごみの収集日,プラスチックの収集日,粗大ごみの収集日  （事前申込制）
さ,幸神1～4丁目,月曜日・木曜日,火曜日,第1水曜日
,桜ケ丘町,月曜日・木曜日,火曜日,第1木曜日
,大字笹田,火曜日・金曜日,木曜日,第4金曜日
,さつき台1～2丁目,月曜日・木曜日,金曜日,第2金曜日
,里中1～3丁目,月曜日・木曜日,金曜日,第3月曜日
,三ケ森1～4丁目,月曜日・木曜日,金曜日,第3金曜日
,下上津役1～4丁目,月曜日・木曜日,金曜日,第3金曜日
,下上津役元町,月曜日・木曜日,金曜日,第3金曜日
,下畑町（一部）,火曜日・金曜日,月曜日,第4木曜日
,下畑町（一部）,火曜日・金曜日,木曜日,第4木曜日
,自由ケ丘,月曜日・木曜日,金曜日,第2木曜日
,松寿山1～3丁目,月曜日・木曜日,金曜日,第2金曜日
,白岩町,火曜日・金曜日,月曜日,第4火曜日
,陣原1～5丁目,月曜日・木曜日,火曜日,第1金曜日
,陣山1丁目（一部）,月曜日・木曜日,火曜日,第1月曜日
,陣山1丁目（一部）,火曜日・金曜日,月曜日,第1月曜日
,陣山2丁目（一部）,月曜日・木曜日,火曜日,第1月曜日
,陣山2丁目（一部）,火曜日・金曜日,月曜日,第1月曜日
,陣山3丁目,月曜日・木曜日,火曜日,第1月曜日
,菅原町,火曜日・金曜日,月曜日,第1水曜日
,瀬板1～2丁目,月曜日・木曜日,火曜日,第2金曜日
,清納1～2丁目,月曜日・木曜日,火曜日,第1火曜日
,星和町,月曜日・木曜日,火曜日,第2火曜日
,町名,家庭ごみの収集日,プラスチックの収集日,粗大ごみの収集日  （事前申込制）
た,大膳1～2丁目,月曜日・木曜日,金曜日,第2水曜日
,高江1～5丁目,火曜日・金曜日,月曜日,第4水曜日
,鷹の巣1～3丁目,月曜日・木曜日,火曜日,第1金曜日
,鷹見台1～4丁目,月曜日・木曜日,金曜日,第3月曜日
,竹末1～2丁目,月曜日・木曜日,火曜日,第3水曜日
,田町1～2丁目,火曜日・金曜日,月曜日,第1月曜日
,茶売町,月曜日・木曜日,火曜日,第1水曜日
,茶屋の原1～4丁目,火曜日・金曜日,月曜日,第4木曜日
,千代1～5丁目,火曜日・金曜日,月曜日,第4火曜日
,千代ケ崎1～3丁目,月曜日・木曜日,火曜日,第4木曜日
,築地町,火曜日・金曜日,月曜日,第1月曜日
,筒井町,月曜日・木曜日,火曜日,第1水曜日
,鉄王1～2丁目,月曜日・木曜日,火曜日,第3水曜日
,鉄竜1～2丁目,月曜日・木曜日,火曜日,第1木曜日
,東筑1～2丁目,月曜日・木曜日,金曜日,第2水曜日
,塔野1～3丁目,月曜日・木曜日,金曜日,第3金曜日
,洞北町,月曜日・木曜日,火曜日,第2月曜日
,友田1～3丁目,月曜日・木曜日,金曜日,第2火曜日
,町名,家庭ごみの収集日,プラスチックの収集日,粗大ごみの収集日  （事前申込制）
な,長崎町,月曜日・木曜日,金曜日,第2水曜日
,中須1丁目,月曜日・木曜日,火曜日,第2金曜日
,中須2丁目,月曜日・木曜日,金曜日,第2金曜日
,中の原1～3丁目,月曜日・木曜日,金曜日,第3木曜日
,鳴水町,月曜日・木曜日,火曜日,第1火曜日
,西王子町,月曜日・木曜日,火曜日,第1水曜日
,西折尾町,月曜日・木曜日,金曜日,第2水曜日
,西川頭町,月曜日・木曜日,火曜日,第1火曜日
,西神原町,月曜日・木曜日,火曜日,第1火曜日
,西鳴水1～2丁目,月曜日・木曜日,火曜日,第1火曜日
,西曲里町,月曜日・木曜日,火曜日,第1水曜日
,大字野面,火曜日・金曜日,木曜日,第4金曜日
,野面1～2丁目,火曜日・金曜日,木曜日,第4金曜日
,則松1～7丁目,月曜日・木曜日,金曜日,第2金曜日
,則松東1～2丁目,月曜日・木曜日,金曜日,第2金曜日
,町名,家庭ごみの収集日,プラスチックの収集日,粗大ごみの収集日  （事前申込制）
は,萩原1～3丁目,月曜日・木曜日,火曜日,第1木曜日
,大字畑,火曜日・金曜日,木曜日,第4木曜日
,馬場山,火曜日・金曜日,月曜日,第4木曜日
,馬場山西,火曜日・金曜日,月曜日,第4木曜日
,馬場山原,火曜日・金曜日,月曜日,第4木曜日
,馬場山東1～3丁目,火曜日・金曜日,木曜日,第4木曜日
,馬場山緑,火曜日・金曜日,月曜日,第4木曜日
,東石坂町,火曜日・金曜日,月曜日,第4火曜日
,東王子町,月曜日・木曜日,火曜日,第1水曜日
,東折尾町,月曜日・木曜日,金曜日,第2水曜日
,東川頭町,月曜日・木曜日,火曜日,第1火曜日
,東神原町,月曜日・木曜日,火曜日,第1火曜日
,東鳴水1～5丁目,月曜日・木曜日,火曜日,第1火曜日
,東浜町,火曜日・金曜日,月曜日,第1月曜日
,東曲里町,月曜日・木曜日,火曜日,第1水曜日
,引野1～3丁目,月曜日・木曜日,火曜日,第3水曜日
,樋口町,月曜日・木曜日,火曜日,第1金曜日
,日吉台1～3丁目,月曜日・木曜日,金曜日,第2木曜日
,平尾町,月曜日・木曜日,火曜日,第1火曜日
,藤田1～4丁目,火曜日・金曜日,月曜日,第1月曜日
,藤原1～4丁目,月曜日・木曜日,金曜日,第2木曜日
,船越1丁目（一部）,月曜日・木曜日,金曜日,第4火曜日
,船越1丁目（一部）,火曜日・金曜日,月曜日,第4火曜日
,船越2～3丁目,火曜日・金曜日,月曜日,第4火曜日
,舟町,火曜日・金曜日,月曜日,第1月曜日
,別所町,月曜日・木曜日,火曜日,第3水曜日
,別当町,月曜日・木曜日,火曜日,第3水曜日
,北筑1～3丁目,月曜日・木曜日,金曜日,第3月曜日
,星ケ丘1～7丁目,火曜日・金曜日,木曜日,第4金曜日
,堀川町,月曜日・木曜日,金曜日,第2水曜日
,大字本城（一部）,月曜日・木曜日,金曜日,第4木曜日
,大字本城（一部）,火曜日・金曜日,月曜日,第4木曜日
,本城1丁目,月曜日・木曜日,火曜日,第2月曜日
,本城2丁目,月曜日・木曜日,金曜日,第2月曜日
,本城3～5丁目,月曜日・木曜日,火曜日,第2月曜日
,本城学研台1～3丁目,火曜日・金曜日,月曜日,第4木曜日
,本城東1～3丁目,月曜日・木曜日,火曜日,第2月曜日
,本城東4～6丁目,月曜日・木曜日,火曜日,第2火曜日
,町名,家庭ごみの収集日,プラスチックの収集日,粗大ごみの収集日  （事前申込制）
ま,町上津役西1～2丁目,月曜日・木曜日,金曜日,第4月曜日
,町上津役西3丁目（一部）,月曜日・木曜日,金曜日,第4月曜日
,町上津役西3丁目（一部）,火曜日・金曜日,月曜日,第4月曜日
,町上津役西4丁目（一部）,月曜日・木曜日,金曜日,第4月曜日
,町上津役西4丁目（一部）,火曜日・金曜日,月曜日,第4月曜日
,町上津役東1～3丁目,月曜日・木曜日,火曜日,第4月曜日
,的場町,月曜日・木曜日,金曜日,第3火曜日
,真名子1～2丁目,火曜日・金曜日,月曜日,第4水曜日
,丸尾町,月曜日・木曜日,金曜日,第2水曜日
,三ツ頭1～2丁目,月曜日・木曜日,金曜日,第4金曜日
,光貞台1～3丁目,月曜日・木曜日,金曜日,第4木曜日
,南王子町,月曜日・木曜日,火曜日,第1水曜日
,南鷹見町,月曜日・木曜日,金曜日,第2水曜日
,南八千代町,月曜日・木曜日,火曜日,第1月曜日
,美原町,月曜日・木曜日,金曜日,第3火曜日
,美吉野町,月曜日・木曜日,金曜日,第2水曜日
,椋枝1～2丁目,火曜日・金曜日,月曜日,第4火曜日
,元城町,月曜日・木曜日,火曜日,第1火曜日
,森下町,月曜日・木曜日,金曜日,第3火曜日
,町名,家庭ごみの収集日,プラスチックの収集日,粗大ごみの収集日  （事前申込制）
や,屋敷1～2丁目,火曜日・金曜日,月曜日,第1月曜日
,八千代町,火曜日・金曜日,月曜日,第1月曜日
,八枝1～5丁目,月曜日・木曜日,金曜日,第3月曜日
,山寺町,月曜日・木曜日,火曜日,第1水曜日
,夕原町,月曜日・木曜日,火曜日,第2火曜日
,養福寺町,月曜日・木曜日,金曜日,第3火曜日
,町名,家庭ごみの収集日,プラスチックの収集日,粗大ごみの収集日  （事前申込制）
ら,力丸町（一部）,月曜日・木曜日,火曜日,第4木曜日
,力丸町（一部）,月曜日・木曜日,金曜日,第4木曜日
,町名,家庭ごみの収集日,プラスチックの収集日,粗大ごみの収集日  （事前申込制）
わ,若葉1～3丁目,月曜日・木曜日,金曜日,第3火曜日
,割子川1～2丁目,月曜日・木曜日,火曜日,第3水曜日
あ,旭町,火曜日・金曜日,木曜日,第2金曜日
,浅生1丁目,月曜日・木曜日,金曜日,第2金曜日
,浅生2丁目（1番）,月曜日・木曜日,金曜日,第2金曜日
,浅生2丁目（1番以外）,火曜日・金曜日,木曜日,第2金曜日
,浅生3丁目,月曜日・木曜日,金曜日,第2金曜日
,一枝1～4丁目,火曜日・金曜日,木曜日,第3火曜日
,沖台1～2丁目,月曜日・木曜日,金曜日,第2金曜日
,町名,家庭ごみの収集日,プラスチックの収集日,粗大ごみの収集日  （事前申込制）
か,川代1～2丁目,火曜日・金曜日,木曜日,第2金曜日
,観音寺町,月曜日・木曜日,金曜日,第3月曜日
,北鳥旗町,火曜日・金曜日,木曜日,第2金曜日
,銀座1～2丁目,火曜日・金曜日,木曜日,第2金曜日
,小芝1～3丁目,火曜日・金曜日,木曜日,第2木曜日
,金比羅町,火曜日・金曜日,木曜日,第3火曜日
,町名,家庭ごみの収集日,プラスチックの収集日,粗大ごみの収集日  （事前申込制）
さ,幸町,火曜日・金曜日,木曜日,第2金曜日
,境川1～2丁目,火曜日・金曜日,木曜日,第2木曜日
,沢見1～2丁目,火曜日・金曜日,木曜日,第2木曜日
,三六町,火曜日・金曜日,木曜日,第2木曜日
,椎ノ木町,月曜日・木曜日,金曜日,第3月曜日
,汐井町,火曜日・金曜日,木曜日,第2金曜日
,正津町,月曜日・木曜日,金曜日,第2金曜日
,新池1～3丁目,火曜日・金曜日,木曜日,第2金曜日
,新川町,月曜日・木曜日,金曜日,第2金曜日
,菅原1～4丁目,月曜日・木曜日,金曜日,第3月曜日
,仙水町,火曜日・金曜日,木曜日,第2木曜日
,千防1～3丁目,火曜日・金曜日,木曜日,第2金曜日
,町名,家庭ごみの収集日,プラスチックの収集日,粗大ごみの収集日  （事前申込制）
た,高峰1～3丁目,月曜日・木曜日,金曜日,第3月曜日
,土取町,火曜日・金曜日,木曜日,第2木曜日
,天神1～2丁目,火曜日・金曜日,木曜日,第2木曜日
,天籟寺1～2丁目,火曜日・金曜日,木曜日,第3火曜日
,町名,家庭ごみの収集日,プラスチックの収集日,粗大ごみの収集日  （事前申込制）
な,大字中原,火曜日・金曜日,木曜日,第2木曜日
,中原西1～3丁目,火曜日・金曜日,木曜日,第2木曜日
,中原東1～4丁目,火曜日・金曜日,木曜日,第2木曜日
,中本町,火曜日・金曜日,木曜日,第2金曜日
,西大谷1～2丁目,月曜日・木曜日,金曜日,第3月曜日
,西鞘ケ谷町,月曜日・木曜日,金曜日,第3火曜日
,町名,家庭ごみの収集日,プラスチックの収集日,粗大ごみの収集日  （事前申込制）
は,初音町,月曜日・木曜日,金曜日,第2金曜日
,東大谷1～3丁目,月曜日・木曜日,金曜日,第3火曜日
,東鞘ケ谷町,火曜日・金曜日,木曜日,第3火曜日
,福柳木1～2丁目,火曜日・金曜日,木曜日,第3火曜日
,町名,家庭ごみの収集日,プラスチックの収集日,粗大ごみの収集日  （事前申込制）
ま,牧山1～4丁目,月曜日・木曜日,火曜日,第3月曜日
,牧山海岸,月曜日・木曜日,火曜日,第3月曜日
,牧山新町,月曜日・木曜日,火曜日,第3月曜日
,丸町1～3丁目,月曜日・木曜日,火曜日,第3月曜日
,南鳥旗町,火曜日・金曜日,木曜日,第2金曜日
,明治町,火曜日・金曜日,木曜日,第2金曜日
,元宮町,火曜日・金曜日,木曜日,第2金曜日
,町名,家庭ごみの収集日,プラスチックの収集日,粗大ごみの収集日  （事前申込制）
や,夜宮1～3丁目,火曜日・金曜日,木曜日,第3火曜日
